-- MySQL dump 10.13  Distrib 8.0.20, for macos10.15 (x86_64)
--
-- Host: localhost    Database: PROYECTO_JAVA
-- ------------------------------------------------------
-- Server version	8.0.20

/*!40101 SET @OLD_CHARACTER_SET_CLIENT=@@CHARACTER_SET_CLIENT */;
/*!40101 SET @OLD_CHARACTER_SET_RESULTS=@@CHARACTER_SET_RESULTS */;
/*!40101 SET @OLD_COLLATION_CONNECTION=@@COLLATION_CONNECTION */;
/*!50503 SET NAMES utf8 */;
/*!40103 SET @OLD_TIME_ZONE=@@TIME_ZONE */;
/*!40103 SET TIME_ZONE='+00:00' */;
/*!40014 SET @OLD_UNIQUE_CHECKS=@@UNIQUE_CHECKS, UNIQUE_CHECKS=0 */;
/*!40014 SET @OLD_FOREIGN_KEY_CHECKS=@@FOREIGN_KEY_CHECKS, FOREIGN_KEY_CHECKS=0 */;
/*!40101 SET @OLD_SQL_MODE=@@SQL_MODE, SQL_MODE='NO_AUTO_VALUE_ON_ZERO' */;
/*!40111 SET @OLD_SQL_NOTES=@@SQL_NOTES, SQL_NOTES=0 */;

--
-- Table structure for table `persona_contrasena`
--

DROP TABLE IF EXISTS `persona_contrasena`;
/*!40101 SET @saved_cs_client     = @@character_set_client */;
/*!50503 SET character_set_client = utf8mb4 */;
CREATE TABLE `persona_contrasena` (
  `id` int NOT NULL AUTO_INCREMENT,
  `idEmpleado` int NOT NULL,
  `fechaDesde` timestamp NULL DEFAULT CURRENT_TIMESTAMP,
  `fechaHasta` timestamp NULL DEFAULT NULL,
  `password` varchar(85) COLLATE utf8mb4_general_ci NOT NULL,
  `esActual` tinyint DEFAULT '1',
  PRIMARY KEY (`id`),
  KEY `fk_id_empleado_idx` (`idEmpleado`),
  CONSTRAINT `fk_contrasena_empleado` FOREIGN KEY (`idEmpleado`) REFERENCES `persona_empleado` (`id`)
) ENGINE=InnoDB AUTO_INCREMENT=5 DEFAULT CHARSET=utf8mb4 COLLATE=utf8mb4_general_ci;
/*!40101 SET character_set_client = @saved_cs_client */;

--
-- Dumping data for table `persona_contrasena`
--

LOCK TABLES `persona_contrasena` WRITE;
/*!40000 ALTER TABLE `persona_contrasena` DISABLE KEYS */;
INSERT INTO `persona_contrasena` VALUES (1,1,'2020-05-24 19:55:39',NULL,'ubGK9abCBczD7vBMwxkeStw',1),(2,2,'2020-05-30 20:29:21',NULL,'3IxAk7vw@Xs7vwo2TFQUH',1),(3,3,'2020-05-30 21:04:21',NULL,'3IxAk7vw@Xs7vwo2TFQUH',1),(4,999,'2020-06-07 21:30:31',NULL,'mTNHPaDcxlJQda94DcQduIQEJ',1);
/*!40000 ALTER TABLE `persona_contrasena` ENABLE KEYS */;
UNLOCK TABLES;

--
-- Table structure for table `persona_empleado`
--

DROP TABLE IF EXISTS `persona_empleado`;
/*!40101 SET @saved_cs_client     = @@character_set_client */;
/*!50503 SET character_set_client = utf8mb4 */;
CREATE TABLE `persona_empleado` (
  `id` int NOT NULL AUTO_INCREMENT,
  `idPerfil` int NOT NULL,
  `idTipoDocumento` int NOT NULL,
  `usuario` varchar(15) COLLATE utf8mb4_general_ci NOT NULL,
  `nroDocumento` varchar(12) COLLATE utf8mb4_general_ci NOT NULL,
  `nombre` varchar(45) COLLATE utf8mb4_general_ci NOT NULL,
  `apellido` varchar(45) COLLATE utf8mb4_general_ci NOT NULL,
  `celular` varchar(30) COLLATE utf8mb4_general_ci DEFAULT NULL,
  `telefono` varchar(30) COLLATE utf8mb4_general_ci DEFAULT NULL,
  `email` varchar(75) COLLATE utf8mb4_general_ci DEFAULT NULL,
  `fechaNacimiento` date DEFAULT NULL,
  `estado` tinyint NOT NULL DEFAULT '1',
  `img` varchar(45) COLLATE utf8mb4_general_ci DEFAULT NULL,
  PRIMARY KEY (`id`),
  KEY `fk_id_perfil_idx` (`idPerfil`),
  KEY `fk_empleado_tipoDocumento_idx` (`idTipoDocumento`),
  CONSTRAINT `fk_emplado_perfil` FOREIGN KEY (`idPerfil`) REFERENCES `persona_perfil` (`id`),
  CONSTRAINT `fk_empleado_tipoDocumento` FOREIGN KEY (`idTipoDocumento`) REFERENCES `persona_tipo_documento` (`id`)
) ENGINE=InnoDB AUTO_INCREMENT=1000 DEFAULT CHARSET=utf8mb4 COLLATE=utf8mb4_general_ci;
/*!40101 SET character_set_client = @saved_cs_client */;

--
-- Dumping data for table `persona_empleado`
--

LOCK TABLES `persona_empleado` WRITE;
/*!40000 ALTER TABLE `persona_empleado` DISABLE KEYS */;
INSERT INTO `persona_empleado` VALUES (1,1,1,'ED99999','38145267','Ezequiel','Djemdjemian','6799960','6799960','ezequiel.djc@gmail.com','1994-07-30',1,'1.png'),(2,2,1,'AM12345','11222333','Adrian','Martinez','543','543','ezequiel.djc@gmail.com',NULL,1,'1'),(3,2,1,'PD00000','00222444','Paula','Diaz','234234','32432','pdiaz@minegocio.com',NULL,1,'5'),(999,1,1,'ADMIN','-','Admin','System',NULL,NULL,'admin@mybusiness.com',NULL,1,'system');
/*!40000 ALTER TABLE `persona_empleado` ENABLE KEYS */;
UNLOCK TABLES;

--
-- Table structure for table `persona_perfil`
--

DROP TABLE IF EXISTS `persona_perfil`;
/*!40101 SET @saved_cs_client     = @@character_set_client */;
/*!50503 SET character_set_client = utf8mb4 */;
CREATE TABLE `persona_perfil` (
  `id` int NOT NULL AUTO_INCREMENT,
  `idOwner` int DEFAULT NULL,
  `idBackup` int DEFAULT NULL,
  `codigo` varchar(10) COLLATE utf8mb4_general_ci NOT NULL,
  `nombre` varchar(45) COLLATE utf8mb4_general_ci NOT NULL,
  `desc` varchar(105) COLLATE utf8mb4_general_ci DEFAULT NULL,
  PRIMARY KEY (`id`),
  KEY `fk_id_empleado_owner_idx` (`idOwner`),
  KEY `fk_id_empleado_backup_idx` (`idBackup`),
  CONSTRAINT `fk_perfil_empleado_backup` FOREIGN KEY (`idBackup`) REFERENCES `persona_empleado` (`id`),
  CONSTRAINT `fk_perfil_empleado_owner` FOREIGN KEY (`idOwner`) REFERENCES `persona_empleado` (`id`)
) ENGINE=InnoDB AUTO_INCREMENT=4 DEFAULT CHARSET=utf8mb4 COLLATE=utf8mb4_general_ci;
/*!40101 SET character_set_client = @saved_cs_client */;

--
-- Dumping data for table `persona_perfil`
--

LOCK TABLES `persona_perfil` WRITE;
/*!40000 ALTER TABLE `persona_perfil` DISABLE KEYS */;
INSERT INTO `persona_perfil` VALUES (1,NULL,NULL,'ADMIN','Administrador','perfil Administrador'),(2,1,NULL,'VEND','Vendedor','perfil Vendedor'),(3,1,999,'CDN','Comodi','perfil comodi');
/*!40000 ALTER TABLE `persona_perfil` ENABLE KEYS */;
UNLOCK TABLES;

--
-- Table structure for table `persona_tipo_documento`
--

DROP TABLE IF EXISTS `persona_tipo_documento`;
/*!40101 SET @saved_cs_client     = @@character_set_client */;
/*!50503 SET character_set_client = utf8mb4 */;
CREATE TABLE `persona_tipo_documento` (
  `id` int NOT NULL AUTO_INCREMENT,
  `codigo` varchar(15) COLLATE utf8mb4_general_ci NOT NULL,
  `nombre` varchar(45) COLLATE utf8mb4_general_ci DEFAULT NULL,
  `desc` varchar(105) COLLATE utf8mb4_general_ci DEFAULT NULL,
  PRIMARY KEY (`id`)
) ENGINE=InnoDB AUTO_INCREMENT=2 DEFAULT CHARSET=utf8mb4 COLLATE=utf8mb4_general_ci;
/*!40101 SET character_set_client = @saved_cs_client */;

--
-- Dumping data for table `persona_tipo_documento`
--

LOCK TABLES `persona_tipo_documento` WRITE;
/*!40000 ALTER TABLE `persona_tipo_documento` DISABLE KEYS */;
INSERT INTO `persona_tipo_documento` VALUES (1,'DNI','DNI','Documento Naiconal de Identidad');
/*!40000 ALTER TABLE `persona_tipo_documento` ENABLE KEYS */;
UNLOCK TABLES;

--
-- Table structure for table `sistema_accion`
--

DROP TABLE IF EXISTS `sistema_accion`;
/*!40101 SET @saved_cs_client     = @@character_set_client */;
/*!50503 SET character_set_client = utf8mb4 */;
CREATE TABLE `sistema_accion` (
  `id` int NOT NULL AUTO_INCREMENT,
  `codigo` varchar(15) COLLATE utf8mb4_general_ci NOT NULL,
  `nombreAccion` varchar(45) COLLATE utf8mb4_general_ci DEFAULT NULL,
  `desc` varchar(65) COLLATE utf8mb4_general_ci DEFAULT NULL,
  PRIMARY KEY (`id`)
) ENGINE=InnoDB AUTO_INCREMENT=6 DEFAULT CHARSET=utf8mb4 COLLATE=utf8mb4_general_ci;
/*!40101 SET character_set_client = @saved_cs_client */;

--
-- Dumping data for table `sistema_accion`
--

LOCK TABLES `sistema_accion` WRITE;
/*!40000 ALTER TABLE `sistema_accion` DISABLE KEYS */;
INSERT INTO `sistema_accion` VALUES (1,'CLS','LimpiarSesion',NULL),(2,'SES','Swap Estado de Empleado','Invertir el estado del empleado'),(3,'CSV_LOG','CSV con informacion de logueos','Generar y descargar csv con los logueos de los usuarios'),(4,'MUS','Modificar Usuarios','Editar informacion de usuarios'),(5,'MPE','Modificar Perfiles','Editar informacion de perfiles de usuario');
/*!40000 ALTER TABLE `sistema_accion` ENABLE KEYS */;
UNLOCK TABLES;

--
-- Table structure for table `sistema_boton`
--

DROP TABLE IF EXISTS `sistema_boton`;
/*!40101 SET @saved_cs_client     = @@character_set_client */;
/*!50503 SET character_set_client = utf8mb4 */;
CREATE TABLE `sistema_boton` (
  `id` int NOT NULL AUTO_INCREMENT,
  `codigo` varchar(45) COLLATE utf8mb4_general_ci NOT NULL,
  `nombre` varchar(45) COLLATE utf8mb4_general_ci DEFAULT NULL,
  `idFather` int DEFAULT NULL,
  `valor` double DEFAULT NULL,
  `habilitado` tinyint DEFAULT NULL,
  `icon` varchar(45) COLLATE utf8mb4_general_ci DEFAULT NULL,
  `url` varchar(45) COLLATE utf8mb4_general_ci DEFAULT NULL,
  `isCollapse` tinyint DEFAULT '1',
  PRIMARY KEY (`id`)
) ENGINE=InnoDB AUTO_INCREMENT=34 DEFAULT CHARSET=utf8mb4 COLLATE=utf8mb4_general_ci;
/*!40101 SET character_set_client = @saved_cs_client */;

--
-- Dumping data for table `sistema_boton`
--

LOCK TABLES `sistema_boton` WRITE;
/*!40000 ALTER TABLE `sistema_boton` DISABLE KEYS */;
INSERT INTO `sistema_boton` VALUES (1,'','Administrador',NULL,5,1,'<i class=\"fas fa-user-shield\"></i>','admin',1),(2,'','Usuarios',1,5.1,1,'<i class=\"fas fa-user-tag\"></i>','usuarios.jsp',1),(3,'','Mensajes del Sistema',1,5.2,1,'<i class=\"fas fa-inbox\"></i>','mensajesSistema.jsp',1),(4,'','Logueos',1,5.3,1,'<i class=\"fas fa-sign-in-alt\"></i>','logins.jsp',1),(5,'','Perfiles',1,5.4,1,'<i class=\"fas fa-address-card\"></i>','perfiles.jsp',1),(6,'','Ventas',NULL,10,1,'<i class=\"fas fa-comments-dollar\"></i>','ventas',1),(7,'','Presupuestos',6,10.1,1,'<i class=\"fas fa-file-invoice-dollar\"></i>','ventas_view_presup.jsp',1),(8,'','Ventas',6,10.2,1,'<i class=\"fas fa-comments-dollar\"></i>','ventas.jsp',1),(9,'','Stock',6,10.3,1,'<i class=\"fas fa-truck-loading\"></i>','stock.jsp',1),(10,'','RRHH',NULL,15,1,'<i class=\"fas fa-user-friends\"></i>','rrhh',1),(11,'','Liquidaciones',10,15.1,1,'<i class=\"fas fa-file-invoice-dollar\"></i>','liquidaciones.jsp',1),(12,'','Excepciones',10,15.2,1,'<i class=\"fas fa-comments-dollar\"></i>','exepciones.jsp',1),(13,'','Nuevo Usuario',10,15.3,1,'<i class=\"fas fa-plus\"></i>','nuevoUsuario.jsp',1),(14,'','Cobranzas',NULL,20,1,'<i class=\"fas fa-hand-holding-usd\"></i>','cobranzas',1),(15,'','Registrar',14,20.1,1,'<i class=\"fas fa-plus\"></i>','registroCobranzas.jsp',1),(16,'','Consulta',14,20.2,1,'<i class=\"fas fa-search\"></i>','consultaCobranzas.jsp',1),(17,'','Finanzas',NULL,25,1,'<i class=\"fas fa-chart-line\"></i>','finanzas',1),(18,'','Reportes',17,25.1,1,'<i class=\"fas fa-info-circle\"></i>','reportes.jsp',1),(19,'','Mi Cuenta',NULL,30,1,'<i class=\"fas fa-user-alt\"></i>','MiCuenta',1),(20,'','Datos',19,30.1,1,'<i class=\"fas fa-info-circle\"></i>','adminUsuarioForm.jsp',1),(21,'','Ver Horarios',19,30.2,1,'<i class=\"far fa-calendar\"></i>','misHorarios.jsp',1),(22,'','About',NULL,45,1,'<i class=\" fas fa-info-circle\"></i>','about',0),(23,'','Logout',NULL,50,1,'<i class=\" fas fa-sign-out-alt\"></i>','logout',0),(24,'','Productos',NULL,11,1,'<i class=\"fas fa-shopping-cart\"></i>','productos',1),(25,'','Alta',24,11.2,1,'<i class=\"fas fa-plus\"></i>','productosAlta.jsp',1),(26,'','Listado',24,11.1,1,'<i class=\"fas fa-search\"></i>','productos_view_productos.jsp',1),(27,'','Editar',26,11.3,1,NULL,'productos_view_producto.jsp',1),(28,'','Configs',1,5.5,1,'<i class=\"fas fa-cogs\"></i>','configuraciones.jsp',1),(29,'ADSES','Sesiones',1,5.8,1,'<i class=\"fas fa-user-clock\"></i>','sesiones.jsp',1),(30,'MSJS','Notificaciones',NULL,35,1,'<i class=\"fas fa-bell\"></i>','notificaciones.jsp',0),(31,'FOU','Vista de Usuarios',NULL,5.3,0,NULL,'usuarioModificacion.jsp',0),(32,'ACC','Acciones',1,5.11,1,'<i class=\"fas fa-directions\"></i>','acciones.jsp',1),(33,'FPE','Form Perfiles',NULL,5.15,0,NULL,'adminPerfilForm.jsp',0);
/*!40000 ALTER TABLE `sistema_boton` ENABLE KEYS */;
UNLOCK TABLES;

--
-- Table structure for table `sistema_global_config`
--

DROP TABLE IF EXISTS `sistema_global_config`;
/*!40101 SET @saved_cs_client     = @@character_set_client */;
/*!50503 SET character_set_client = utf8mb4 */;
CREATE TABLE `sistema_global_config` (
  `id` int NOT NULL AUTO_INCREMENT,
  `idModulo` int NOT NULL,
  `codigo` varchar(45) COLLATE utf8mb4_general_ci NOT NULL,
  `nombreParametro` varchar(45) COLLATE utf8mb4_general_ci DEFAULT NULL,
  `numeroParametro` int DEFAULT NULL,
  `nombreAtributo` varchar(45) COLLATE utf8mb4_general_ci DEFAULT NULL,
  `valorAtributo` varchar(105) COLLATE utf8mb4_general_ci DEFAULT NULL,
  PRIMARY KEY (`id`),
  KEY `fk_id_modulo_idx` (`idModulo`),
  CONSTRAINT `fk_globalConfig_modulo` FOREIGN KEY (`idModulo`) REFERENCES `sistema_modulo` (`id`)
) ENGINE=InnoDB AUTO_INCREMENT=4 DEFAULT CHARSET=utf8mb4 COLLATE=utf8mb4_general_ci;
/*!40101 SET character_set_client = @saved_cs_client */;

--
-- Dumping data for table `sistema_global_config`
--

LOCK TABLES `sistema_global_config` WRITE;
/*!40000 ALTER TABLE `sistema_global_config` DISABLE KEYS */;
INSERT INTO `sistema_global_config` VALUES (1,1,'CLS','LimpiezaSesion',1,'habilitar','0'),(2,2,'MII','MaxInactiveInterval',1,'tiempo[seg]','60'),(3,2,'ICON','NombreIconoPestanaWeb',1,'nombreImagen','images/icons/idea2.png');
/*!40000 ALTER TABLE `sistema_global_config` ENABLE KEYS */;
UNLOCK TABLES;

--
-- Table structure for table `sistema_log_logins`
--

DROP TABLE IF EXISTS `sistema_log_logins`;
/*!40101 SET @saved_cs_client     = @@character_set_client */;
/*!50503 SET character_set_client = utf8mb4 */;
CREATE TABLE `sistema_log_logins` (
  `id` int NOT NULL AUTO_INCREMENT,
  `user` varchar(45) COLLATE utf8mb4_general_ci DEFAULT NULL,
  `password` varchar(75) COLLATE utf8mb4_general_ci DEFAULT NULL,
  `logintime` timestamp NOT NULL DEFAULT CURRENT_TIMESTAMP,
  `result` tinyint NOT NULL DEFAULT '1',
  PRIMARY KEY (`id`)
) ENGINE=InnoDB AUTO_INCREMENT=636 DEFAULT CHARSET=utf8mb4 COLLATE=utf8mb4_general_ci;
/*!40101 SET character_set_client = @saved_cs_client */;

--
-- Dumping data for table `sistema_log_logins`
--

LOCK TABLES `sistema_log_logins` WRITE;
/*!40000 ALTER TABLE `sistema_log_logins` DISABLE KEYS */;
INSERT INTO `sistema_log_logins` VALUES (1,'ED99999','2020-05-24 21:49:45','2020-05-25 00:49:45',1),(2,'ED99999','ASDASDADS','2020-05-25 00:50:28',1),(3,'ed99999','EtfGMTXXEDcCPaHib1B94pAFBmGnZMxQtHHAWh','2020-05-25 14:25:15',1),(4,'fdsgfd','I!Y2CuK7uAH1h0cS4phYD904JUHA7Ufwsk1b','2020-05-25 14:25:46',0),(5,'ed99999','eND9NDl67IDEoa3Cb1AHzpAF22Gn_nYouUOX5_','2020-05-25 14:27:17',1),(6,'ED99999','xy4xCVtCz02dBa9mb1GmrpAFHaGnWprnlZZTif','2020-05-26 01:13:54',1),(7,'ed99999','p6MK8l08Ij@3Naoqb1XqfpAFAJGnq4V4HAwUD4','2020-05-26 01:22:10',1),(8,'ed99999','NioQtwkJDOn9La0vb1NBPpAFr2GnUbhkDEzTiK','2020-05-26 01:22:38',1),(9,'ed99999','i_Ce8iLYB!OLKaBAb1wrVpAFT-GnUv!-Iva@JW','2020-05-26 01:25:23',1),(10,'ED99999','stMvIGmBRntsaa9hb1efTpAFdXGnnaG6IeiT-G','2020-05-28 23:38:03',0),(11,'ed99999','OPK5Yir5gUWFJaXHb1AaLpAF4VGn8I-Ih4K4TD','2020-05-28 23:39:27',0),(12,'ed99999','@rJ@sgepZf8!raz1b1-g5pAFifGnlm9EA7QiBZ','2020-05-28 23:39:33',0),(13,'ED99999','hDsoNPOZkJ3aRaXcb1VzrpAFKpGnS_VkjH5XML','2020-05-28 23:39:41',0),(14,'ED99999','CRlUoreOzBhAta28b1spNpAFroGn2erzPIL99h','2020-05-28 23:39:45',0),(15,'ed99999','7_zmDLwbI34gZa5Sb1!sjpAF5PGnOa17lSoBua','2020-05-28 23:39:59',0),(16,'ed99999','-mBlyheQPeFs3aWvb1aWgpAFoOGnkGO!01jUqr','2020-05-28 23:40:25',0),(17,'ed99999','y2DqMt9XLWxQ1aDCb12p!pAFEhGnudUQUhVDXb','2020-05-28 23:41:37',0),(18,'ed99999','LxYbwqo0FKHK4aSPb1geOpAFOuGn7I-M@Af@xp','2020-05-29 00:55:13',1),(19,'ed99999','Z3DiVwpI9L-mFa4Ib1ZBLpAF_NGnlr-Q9AgBUK','2020-05-29 01:10:57',1),(20,'ed99999','TfGNqzoUZGdGKa_db16e4pAF2aGngp8n_5tD9f','2020-05-29 01:11:36',1),(21,'ed99999','WR5gmJ3Jp-vrcahrb1p3cpAFn-Gn62HBTttd9Y','2020-05-29 01:20:05',1),(22,'ed99999','Gl@7mgmKIo56eaO2b1J!bpAFFZGncmZBPQdoa-','2020-05-29 01:22:27',1),(23,'ed99999','n_c388UXm0rAbavDb1RPKpAFKqGnWsKbMU-WWR','2020-05-29 01:25:56',1),(24,'ed99999','9ylCIY0oqMQjua8Xb1-vTpAFH2GnPJ72395@is','2020-05-29 01:27:18',1),(25,'ed99999','EB3jrdGx6TtvdaJpb15dxpAFJ_GnKEEYBVisc0','2020-05-29 23:03:21',1),(26,'ed99999','PZ8!btNeeV@M6a8Hb1IThpAF0MGnMN0GQfmpfT','2020-05-30 01:41:26',1),(27,'ed99999','Xse61s-07d5wla7Yb1jnqpAG8_Fn3N349uP26k','2020-05-30 02:13:38',0),(28,'ed99999','7RReQ!NVXL373agib18fFpAFqvGnze_OGIbMbf','2020-05-30 02:13:44',1),(29,'ed99999','6HafO5DjPjSC_aRab1yqbpAFt_GnYCDrs@6DgO','2020-05-30 02:19:25',1),(30,'ed99999','9OCcDdLR5bl3zadSb1nbNpAFYuGnD!9QmubDFH','2020-05-30 02:31:37',1),(31,'ed99999','t3HlD7uuAckUFaB!b1rhRpAF54Gn@cPPwNwNCF','2020-05-30 02:33:19',1),(32,'ed99999','iL3-xSM6y4WepaKvb12KrpAF2UGnK2c90syaP8','2020-05-30 02:33:23',1),(33,'ed99999','XE2kC3fZxQRklaN6b1yzUpAF6RGnMqZiJnS0Gk','2020-05-30 02:35:04',1),(34,'ed99999','e57J9yHC3jWKtaUEb1GbmpAF9MGntTKLb7vNgP','2020-05-30 02:35:25',1),(35,'ed99999','6vdWPaP4SHQ4daJ4b1p94pAFg7GnKhGTHRoW_Q','2020-05-30 02:47:04',1),(36,'ed99999','iX1rc4lZo0vrda6Ob1lnIpAF2yGnL2qikDP!Xa','2020-05-30 02:50:22',1),(37,'ed99999','maVfYWDRq!9OEaqtb1xCapAFxBGnSA@Zu-LLbH','2020-05-30 02:57:27',1),(38,'ed99999','Q@Ns1cZepVrQma7Db1KxspAFfKGnPmV7Grl2s5','2020-05-30 03:01:41',1),(39,'ed99999','N64DTvQ94p@JXaA!b1qnBpAFvGGnHkNR75ILJ0','2020-05-30 03:02:15',1),(40,'ed99999','dy6YQmABU8lz1aq0b11DopAFLwGni85FpbM6Nw','2020-05-30 03:02:50',1),(41,'ed99999','beEQa4EjTeGg3aMgb1R7QpAFt5Gns8JjJIiyi6','2020-05-30 03:03:06',1),(42,'ed99999','m7Odie@euJyW1a-rb1VOnpAFN7GnTcfW3DpTuE','2020-05-30 03:05:51',1),(43,'ed99999','KCMf_mLpg_joPa@tb1vE@pAFWGGn8B0L-Gawkh','2020-05-30 03:06:56',1),(44,'ed99999','-yIGBc@DyenhcavPb1_ZXpAFFXGn1oIo5uj21z','2020-05-30 03:07:30',1),(45,'ed99999','iIbGslElBBHxbacBb1xH6pAFofGn@F_!JubZ2B','2020-05-30 03:17:17',1),(46,'ed99999','h!iqUmclcoo8Las0b1zMJpAFCRGnkEjhC0D-YY','2020-05-30 03:17:25',1),(47,'ed99999','4HnIZkHttNIOwaL0b1qw2pAF0vGnQB7B6oo6kQ','2020-05-30 03:19:44',1),(48,'ed99999','hPikFJlr73-YFaVRb1cZ-pAFEKGnhg6Yz0!W9B','2020-05-30 03:22:03',1),(49,'ed99999','O9YHzgCwx8Defa!Xb1-yPpAF7yGnlxi3Ls_IhA','2020-05-30 03:22:13',1),(50,'ed99999','CZUEVD1To15SkaeLb1x5_pAFQ-GnOoPTsnTL96','2020-05-30 03:23:08',1),(51,'ed99999','eM0ylzcsu6W4ia5sb1fqzpAF6HGnyPmzBLvkHQ','2020-05-30 03:23:16',1),(52,'ed99999','4JRzKSt96Ylswa!kb1_MOpAFKsGnwe4!Xm-UjK','2020-05-30 03:40:38',1),(53,'ed99999','3ypOZL51ylmVBav!b1veBpAF-ZGnnlfX@5zFnz','2020-05-30 03:40:45',1),(54,'ed99999','yMv@mGBvnTO!Lailb1pnJpAFb4GnJZm@JU9Kvs','2020-05-30 03:41:06',1),(55,'ed99999','8e46@Pm31-et@aDdb19BapAFEPGnRGBv024g7G','2020-05-30 03:41:13',1),(56,'ed99999','Lw2K7013IXfm8aohb1eMIpAFXBGnOV5tZZZXJA','2020-05-30 03:41:56',1),(57,'ed99999','PpbI2HRSJ4SNja9Tb1C@qpAFaGGn7I!86jcIrE','2020-05-30 03:42:29',1),(58,'ed99999','1jeOAfZsQhEUIaDlb1QDdpAFb0Gnq57bIk3keF','2020-05-30 03:47:48',1),(59,'ed99999','Kx0r6m3vKPAI8aQXb1EIQpAFMtGnWeCFAoPn9P','2020-05-30 03:48:22',1),(60,'ed99999','9PubJ9Rckdao0aHgb16QjpAFdvGnSjbr6ZAUjs','2020-05-30 03:48:34',1),(61,'ed99999','33gGCX6iVMWHwaNwb1OnkpAFZCGnBq_YY7BZEP','2020-05-30 03:48:49',1),(62,'ed99999','MetqOJMAmE693aShb1h9HpAFI9GnrUGjJRBvV3','2020-05-30 03:49:07',1),(63,'ed99999','tTlYM4OqW_oQHaYzb1uZrpAFCvGnRCee1Cetlz','2020-05-30 03:50:56',1),(64,'ed99999','fBCuYuYLwMwx2a40b1_WCpAFhiGnTyEfIeuRkr','2020-05-30 03:51:07',1),(65,'ed99999','kUfXbRAg2tmfiajab1OUf4AF!XGG-h7StwURQK','2020-05-30 03:51:26',0),(66,'ed99999','LJ3SaX8NmrP0!aynb1n-lpAF7IGn_j4dZLc_Il','2020-05-30 03:51:37',1),(67,'ed99999','63arbSZAsUhZ5aD5b1DIFpAFqtGn3TE0k0vMPV','2020-05-30 03:53:02',1),(68,'ed99999','GY50yTmTYbbxoacMb10jwpAF55GnePZS0zdUOT','2020-05-30 03:53:10',1),(69,'ed99999','X-CfTumNXe@jzarbb1ZwtpAF91GnTegOGmQlxF','2020-05-30 03:53:42',1),(70,'ed99999','RnOvTRJiDHcscanib1lrCpAFNcGnUq3!n4yPSe','2020-05-30 03:53:48',1),(71,'ed99999','uAtvpfO4s442Vav6b19YOpAFzpGnN@JK8iiioE','2020-05-30 03:57:21',1),(72,'ed99999','clUroxQ98hz1taI0b19QnpAF7fGn_bOUjSSKAA','2020-05-30 03:57:28',1),(73,'ed99999','iMaxeuzRU@EN2a9Mb1E-jpAFfsGnaOrb8_I75d','2020-05-30 03:59:07',1),(74,'ed99999','Bs0KZAZjlaSnfazYb1cuApAF99GnR0__-D11n!','2020-05-30 04:01:30',1),(75,'ed99999','_DVw4y1qbPZIsaHhb1S5HpAFrxGnuoTIOhNRbi','2020-05-30 14:27:21',1),(76,'ed99999','LzBYjBd2NgJ9Fa6mb1NozpAFr4GnNLHQnoE3Du','2020-05-30 14:30:06',1),(77,'ed99999','wxDT1RZMT0ts3aFGb1Pc7pAFlEGnfZhagE6k0l','2020-05-30 15:01:37',1),(78,'ed99999','ebQ043A1JNkjxa0bb1PNopAFJPGnSEr0RjQ_wo','2020-05-30 15:06:25',1),(79,'ed99999','ynKupnZ-m7B@yayVb1B_KpAFEvGnBL23XnzFT-','2020-05-30 15:08:03',1),(80,'ed99999','pW-Qwz_IHRgn1ajnb18GHpAFjdGnx27N2Tg1m0','2020-05-30 15:08:30',1),(81,'ed99999','7!Uysh2YZxr36agEb1ksjpAF9uGnojvNXqxkGF','2020-05-30 15:09:58',1),(82,'ed99999','SDZk4Z2cdOOTRaG8b13f-pAFFyGnHHHiNIOXst','2020-05-30 15:14:50',1),(83,'ed99999','_4c_NKaHDN3JRa8Vb1dT-pAFByGnevG0tF!hxr','2020-05-30 15:16:58',1),(84,'ed99999','oDT5Use@7zKdwalsb12xZpAFDzGnJHLFVvHsmF','2020-05-30 15:19:22',1),(85,'ed99999','Q8r0XJrJb_K9Nab-b1C!WpAFT1GnIYvGhHEYm2','2020-05-30 15:19:32',1),(86,'ed99999','yBsPxkfZ_Z6J9aD9b1WwApAFbIGnuDHcvoHs3v','2020-05-30 15:34:12',1),(87,'ed99999','TeRrGh!r0JSg2aNQb1!pdpAFhqGnS5Xm4Zjy02','2020-05-30 15:34:42',1),(88,'ed99999','Mq8mbRahmou!barSb1GwjpAFyFGnNbj1GC0Oq5','2020-05-30 15:47:19',1),(89,'ed99999','r7SRiTG2pTw8bai7b1iZ6pAFUiGnQDQnm0JuoZ','2020-05-30 16:01:09',1),(90,'ed99999','kqEvoGrHySC4Wa4yb10CYpAF91GnkNbHV8jzNW','2020-05-30 16:02:44',1),(91,'ed99999','MZpBeWHuz-1ksaL1b1qxUpAFi9Gn9F_7gS8vRG','2020-05-30 16:05:47',1),(92,'ed99999','cVd!OX_PmkkXgavIb1wM8pAFYeGnL3i6Ink4A3','2020-05-30 16:07:34',1),(93,'ed99999','i4nW_2KXV7CxraFhb1TQ_pAF3-GnBxhI_970WO','2020-05-30 16:08:57',1),(94,'ed99999','ZRlMuzlOgsjt6a7Tb1!@_pAFdvGnh1gX2-V1Si','2020-05-30 16:14:25',1),(95,'ed99999','FE_v1vkDESrRpaP-b1ez2pAFOpGnhvE4xZ_daf','2020-05-30 16:15:06',1),(96,'ed99999','0xLp18BmnRaexa7Jb1!!fpAFyEGnqX-XAHcpnu','2020-05-30 16:25:40',1),(97,'ed99999','vRXd8ut-SOYhsaX5b1yHLpAF4RGnpjWX@Xh2xd','2020-05-30 16:54:50',1),(98,'ed99999','K8I88RjvBJ8aZaIDb121zpAFCfGnW!RJ@58LXa','2020-05-30 16:56:57',1),(99,'ed99999','Xp_VF4vXM5L2ra4Lb1l@bpAFmYGnZz1sC3JOSB','2020-05-30 17:22:18',1),(100,'ed99999','nuqtKF@G087NMapab1B9hpAFseGnU8AXaPAmOm','2020-05-30 17:23:24',1),(101,'ed99999','goyDD43LWtY6KaZBb1MoMpAF3UGnCb39KCGXfs','2020-05-30 17:26:25',1),(102,'ed99999','l7uOGklxrAj8UaqOb17AxpAFE3Gn@JdOGhGZ_u','2020-05-30 17:28:06',1),(103,'ed99999','0t94Kux47aeMOa2gb1mVdpAFDCGncyuHQzwPSq','2020-05-30 17:42:48',1),(104,'ed99999','fjDDjU4YMDYWra5Zb1@EypAFYkGn42xw6n5@3V','2020-05-30 19:39:31',1),(105,'ed99999','8U4yLaimBoI9yarOb1@1CpAFc9GnFd-TujFOx4','2020-05-30 19:42:46',1),(106,'ed99999','AIdjR2WpdMz1baRNb1s6ZpAF6MGnQu@!H5SgBI','2020-05-30 19:46:35',1),(107,'ed99999','caw03jvQ0675@a9ib1l87pAFnwGn2ulTqhrUYX','2020-05-30 19:47:42',1),(108,'ed99999','!NPd3KvWRCS1uax5b1AIZpAFVSGnuXPLP7N3Yz','2020-05-30 19:48:50',1),(109,'ed99999','fA4DS8NBnIcVgaX!b11wypAFcTGnUyOKfO8-VE','2020-05-30 19:49:20',1),(110,'ed99999','2vSx5zxXpd6V4a5Eb1dYnpAFRJGnyx-lV4xQAa','2020-05-30 19:52:43',1),(111,'ed99999','!fR7q-t-r1@8fay4b1XOhpAFsLGnsirqS!LVtj','2020-05-30 19:57:52',1),(112,'sadfasfd','NRD2Rpiw9htXRaED4pX3R9a4IGHh-3SUf96Q','2020-05-30 20:01:15',0),(113,'asdfdasdf','9hJB_d8SmVFS0abM49v87pa4Kf9QHgr4HwqaW','2020-05-30 20:01:49',0),(114,'ed99999','TtI!gb2IUeoEhaB!b1H_upAFMMGn551cgJMDpX','2020-05-30 20:06:40',1),(115,'ed99999','FoQam0iTV0bgcalnb1RJNpAFpqGn83EbGeMKAZ','2020-05-30 20:07:44',1),(116,'ed99999','7!CzKOXh0WcsuaHxb1lyipAFmrGnyZjRoDN7iV','2020-05-30 20:08:56',1),(117,'ed99999','4yJUPQkNFJ!9Ia2yb1PAFpAF3GGnbTb8LI5mi3','2020-05-30 20:10:42',1),(118,'ed99999','gCcMhd23wKhqRaoHb1slppAFCXGn8u4NM_RJT@','2020-05-30 20:12:20',1),(119,'ed99999','5y0dX1I!i0BJkayBb1kaUpAFTnGnAVJ0UollBu','2020-05-30 20:12:40',1),(120,'ed99999','mcWZhMR1sbQ@naKRb1hCNpAFpvGnSchK4TOG9I','2020-05-30 20:14:19',1),(121,'ed99999','inmzl@MnDjWbqaIjb1JJNpAFpjGn1oxuvxDkj-','2020-05-30 20:14:33',1),(122,'ed99999','yGBlgKSDdZ4UFaudb1jaRpAF26GnMIouW!4JRG','2020-05-30 20:16:34',1),(123,'ed99999','KQlFGkOk9XVO4aVvb1YSIpAFplGni6NFbP9dnw','2020-05-30 20:16:48',1),(124,'ed99999','U9pdP!!k0UeAjaynb1qCNpAFmYGnOdpL5eLA_f','2020-05-30 20:19:36',1),(125,'ed99999','3!O-SsXED@-Wqa2Pb11iPpAFRIGnAIi4h!b8Hp','2020-05-30 20:23:48',1),(126,'ed99999','nmyaKNpe9p50aa-Cb1sEBpAFsjGnv5LujsLdhi','2020-05-30 20:24:02',1),(127,'ed99999','vQV7A53o27qFmaP-b1SjOpAFVEGnMz_BOZQ__R','2020-05-30 20:24:18',1),(128,'am12345','PIF2!Nne2gYWBAZKFGSCcAFGlUnMTrRpy4lk','2020-05-30 20:29:45',1),(129,'ed99999','Z9xr@y4Z8-gbtaV9b1_-ZpAF6IGnUx1cXe3znF','2020-05-30 20:30:50',1),(130,'ed99999','PEmivylCO4sn_aPab1WCbpAFbRGncCQNiJvw_a','2020-05-30 20:32:35',1),(131,'am12345','tzp-LXXi3cIHKA!RFG5suAFGDBwqUaEXX!RZ','2020-05-30 20:32:42',1),(132,'ed99999','5QmaMKr2EiVVLaAXb1p44pAF@mGnazo_Gwzak8','2020-05-30 20:50:28',1),(133,'am12345','XbJiTA5cB4DCNAliFGvFbAFGv3L-xna!UClU','2020-05-30 20:54:38',1),(134,'am12345','L0Nxo-2MiUmwBAxNFGY!3AFGBXDgQgJBPJpk','2020-05-30 20:55:09',1),(135,'ed99999','uhku!AYTl7q_ka7_b18uZpAFCuGniU6v7jExqa','2020-05-30 21:02:45',1),(136,'pd00000','MHx@o6qt4J-ZmAT0FGpGSAFGAMrrBPcueG_3','2020-05-30 21:04:55',1),(137,'ed99999','XqDEuk6xrt8JAaU6b1SRSpAFO7GnIJTxHa4dV_','2020-05-30 21:07:06',1),(138,'ed99999','nQ65nMyZg9ujdaK1b11MMpAF-mGnlWCx3G@J9Z','2020-05-30 21:12:25',1),(139,'ed99999','Nh2Pl@X_!As64aZGb1!W-pAFQxGnSjKPZ!gvWM','2020-05-30 21:14:06',1),(140,'ed99999','84mDzDucgvyxjai1b15bSpAFZNGnebz-ct5B2_','2020-05-30 21:15:17',1),(141,'ed99999','L5J-yJB4V6wqtaIZb1ir3pAFIMGnuQ!tnlO6md','2020-05-30 21:17:05',1),(142,'ed99999','sAfZaq1Mg!IejamJb13IOpAFmqGnAZi_Me4v1m','2020-05-30 21:27:28',1),(143,'ed99999','o9xc!SoqrosZsaRKb1W--pAFKBGnG1Yon9r2xC','2020-05-30 21:45:30',1),(144,'ed99999','08z1M7@@LFH!haxYb1RVhpAFGdGney2tXC@8eU','2020-05-30 21:47:27',1),(145,'ed99999','z2z-UAfx2kgNqa9Db1YGspAFkWGnKARDf0Aby5','2020-05-30 21:51:23',1),(146,'ed99999','pgqX4fzPJ1r4yaFJb1TeapAFHfGnTJ2hy@aefO','2020-05-31 03:15:05',1),(147,'ed99999','Ip-lfmjvSOFDyaxbb1voEpAFlnGn-9XRvOU4oX','2020-05-31 16:07:55',0),(148,'ed99999','WuPBe325UQSnhaAhb1wYhpAFuuGnzgGpCfgmfd','2020-05-31 16:08:00',1),(149,'ed99999','mXzfkVoorbRjha9Wb1g_KpAFADGnIwWL9pnB2M','2020-05-31 16:29:25',1),(150,'ed99999','Ui4o8@Bz6Sw-oaRub1W8opAFjVGnlP-x1cC!oT','2020-05-31 16:29:57',1),(151,'ed99999','nwR!L2CV!P4I_aCyb1uuppAFR5GnUkckqG7r3W','2020-05-31 16:32:54',1),(152,'ed99999','_ra9gCQnI8YSlaw!b1RF6pAFj1GnZMYCZ7P@DD','2020-05-31 16:34:51',1),(153,'ed99999','WwyR85aHthXRYaoSb1zl@pAFZ8GnwdYtDRazkm','2020-05-31 16:37:25',1),(154,'ed99999','zpyNHt0_KQ7LkaSLb1VbkpAFozGnniSYLgHSjw','2020-05-31 16:45:20',1),(155,'ed99999','pflg6sFH5sU4IaGEb1WCVpAFcqGn-daENNSOpl','2020-06-03 21:09:01',1),(156,'ed99999','teUph5GWPL6ftaB1b1@2SpAF1JGn3Ji7a0tM7X','2020-06-03 21:14:10',1),(157,'ed99999','9_Dms5dobM6DQaVMb19tXpAFGhGnIiCZl!56hz','2020-06-03 21:22:02',1),(158,'ed99999','II1TsO5Qrl59naJ4b1VD3pAFD8GndUZXHi!qnX','2020-06-03 21:32:42',1),(159,'ed99999','IEBW9fEu2uMleaxtb1dampAFbaGnifCl!b8CqS','2020-06-03 21:34:42',1),(160,'ed99999','NEkb!pbFWGB0naFdb1imtpAF9OGn2ki0jCwioN','2020-06-03 21:35:00',1),(161,'ed99999','eztqvhW1_8X3GaMAb1kzypAF@MGn!U5ngwj0Rf','2020-06-03 21:35:21',1),(162,'am12345','qEAYJDBxhiBYPAXZFGA44AFG7aFTjwaO1qna','2020-06-03 21:35:37',1),(163,'ed99999','JZlj!2IMyzrPYawUb15SwpAFP!Gn60!ci6vxYB','2020-06-03 21:37:34',1),(164,'am12345','VZccduDqjZX@iAoJFG@KqAFGYmNPX71q-LT-','2020-06-03 21:37:51',1),(165,'am12345','1zykOOwbjAe7VAiuFGbAHAFGR@sj5Q_jwPTb','2020-06-03 21:46:09',1),(166,'ed99999','v4lhcT8xZ5IZwaj1b1dL1pAFkgGnCEzjdPBVUz','2020-06-03 21:46:15',1),(167,'am12345','wrJ1msK4t2JiaAMSFGpxYAFG!VuxlN8k6ltk','2020-06-03 21:47:25',1),(168,'ed99999','PBSxqbNJhz4U4axab1cE8pAFLjGn--6JTldtyh','2020-06-03 21:47:35',1),(169,'ed99999','9wv4FzkPyDFr!a84b1w9@pAF1rGnWCK6ePb9GC','2020-06-03 21:48:00',1),(170,'am12345','_@7GiNrDxlwUlAJJFG!!sAFGCBzASDh3ZL39','2020-06-03 21:49:43',1),(171,'ed99999','XZTypOmWZ-rJRaDVb1m@OpAFMSGnscVIDGEjBb','2020-06-03 21:49:54',1),(172,'ed99999','2P-u9KngUNrvMa7Ub1ioypAFkZGncATNB@AYOh','2020-06-04 00:51:53',1),(173,'ed99999','PJ4XJcQ5Iz5tna1Cb1JvQpAFdWGnQ@HDkGZJRP','2020-06-04 01:17:03',1),(174,'ed99999','9lTZf1xcAbWxnabJb108PpAFlCGnnL6yQU0VxS','2020-06-04 01:19:49',1),(175,'ed99999','sQy_HiI8vDnIQaqlb1z4CpAF!_GniPEMX3grXs','2020-06-04 01:30:43',1),(176,'ed99999','mak5!nHWFimk-anMb1rV9pAFqXGnmhMe@Q7mbA','2020-06-04 01:33:33',1),(177,'ed99999','JiVdOEW-fWaI@axQb15typAFxoGnYS25tlVbvV','2020-06-04 01:34:57',1),(178,'ed99999','rlt7JVjd4Ip-vaoBb1SfUpAF6lGnjHtVCVE9Fo','2020-06-04 01:40:59',1),(179,'ed99999','V-HvGXv!2jWDHaGtb1rnnpAFqOGnwV2EoEPcVZ','2020-06-04 02:16:58',1),(180,'ed99999','GKRUjCEVzc9kFauRb1hvCpAFwvGnABBRuHK2O4','2020-06-04 02:19:08',1),(181,'ed99999','Lr9NdQTgD2q3VaOzb1OZApAFOOGnR8iQ_f!_hl','2020-06-04 02:22:24',1),(182,'ed99999','pdCC75YZ1599ra32b13PTpAF1yGnj6b@EvMKsJ','2020-06-04 02:32:43',1),(183,'ed99999','9iDit8_W9ArZNaygb1cw0pAF43Gni4mgro_3w5','2020-06-04 02:33:20',1),(184,'ed99999','WVELqOx-mbc0saFFb1goGpAFG6GniGsSs7vId!','2020-06-04 02:43:47',1),(185,'ed99999','tGPC7ylf-Gqjzaflb12eypAFliGn1cDQ!5ub84','2020-06-04 02:46:54',1),(186,'ed99999','5pclHW93g@I7MaaBb1AaJpAFS_GnB8BSbNmMx@','2020-06-04 02:48:41',1),(187,'am12345','MGRtekza6zUp3ABpFG6aRAFGk-G4j1LP-FSE','2020-06-04 02:53:20',1),(188,'ed99999','S0qulNwmoOdoGa_8b1K3QpAFKLGG!bDC113E!9','2020-06-04 04:28:20',0),(189,'ed99999','pKVphhag1UP2JasDb1vj!pAFhmGnt6-j2jtL9R','2020-06-04 04:28:29',1),(190,'ed99999','gGMUxrxTb5_WGaqLb1gwHpAF2!GnM5!QhXCxxm','2020-06-04 22:25:35',1),(191,'ed99999','2DVRWURJxqmqWabfb1VtBpAFKeGncg5V-NcuUm','2020-06-04 22:31:50',1),(192,'ed99999','6GxFQoocKbPLNaUkb1J@8pAFk4GnFIRBgV9@lc','2020-06-04 22:33:45',1),(193,'ed99999','oE5F4!PFqR_kBaY8b1Bz6pAFyZGn9B@jIcqK3D','2020-06-04 22:44:14',1),(194,'ed99999','STZl94qWOMfvnaXsb11xxpAFDmGnFLdiTBpz@Z','2020-06-04 23:21:11',1),(195,'ed99999','_CO-nS9lPOVIlaewb1GfYpAFv_GnuC9UVc2crA','2020-06-04 23:29:32',1),(196,'ed99999','iYt294mpCs39daZtb1ZP2pAFJDGnJbas!enWXD','2020-06-04 23:29:44',1),(197,'ed99999','yXoc1vrXNVZvVai2b1_ltpAFeeGnL_isaE7mSV','2020-06-04 23:32:05',1),(198,'ed99999','IKZ9xHFi3CGpaaNwb19V2pAFG8GnALMO@BX9bi','2020-06-04 23:34:21',1),(199,'ad12345','VtQGGumV9lahGAvbFG_4CAFGbJ8_IFw1AA3z','2020-06-04 23:36:33',0),(200,'am12345','fRfiTd5k4-9OeACPFGuOAAFGLgrzprkcNGIK','2020-06-04 23:36:41',1),(201,'ed99999','Y!hB@6!tG-7rNajqb1EUspAFi0GnQXqatGxozF','2020-06-04 23:42:14',1),(202,'ed99999','vvoDjWrgpoFJDao5b18SvpAG30nFLufHZMF2r','2020-06-04 23:43:18',0),(203,'ed99999','J_DsaG1H@rRZIaMsb1tPTpAFYbGn5WN89HcWjE','2020-06-04 23:43:22',1),(204,'ed99999','dCJ_vTohfGG!aaZAb1!LLpAFedGnUwQRGnzy7u','2020-06-05 00:31:21',1),(205,'ed99999','SPD1Iso27!abxaqcb1YI4pAFWxGn0ShTptgKq1','2020-06-05 00:39:01',1),(206,'ed99999','rLsRBkrWLhrFyanLb108mpAF0sGnvY-ahBYNUb','2020-06-05 01:12:52',1),(207,'ed99999','kELWVEGlak8oIaK9b1@uGpAFx4Gn!LltW8aI4g','2020-06-05 01:13:14',1),(208,'ed99999','GboARukrMjbCFaLHb1KF9pAFESGnqOIMLvcViF','2020-06-05 01:23:57',1),(209,'ed99999','ROLl8uDKV@rpoabSb1VAxpAFtjGnQWqWDjJtO5','2020-06-05 01:24:48',1),(210,'ed99999','CNIaTeKYSdnVAaBXb1PumpAFYfGnuO4k7yvDpd','2020-06-05 01:33:25',1),(211,'ed99999','oYwpk2c3!XyN7aJTb1ywxpAFPhGndw7PhkMIaY','2020-06-05 01:35:12',1),(212,'ed99999','VmJDEPO6-wBe!aHCb1iIspAFMfGnb!36fdbyrX','2020-06-05 01:37:36',1),(213,'ed99999','MwmgBy9q15FczagKb1IX_pAF!aGnXDy5aFvFqk','2020-06-05 01:51:59',1),(214,'ed99999','_vZUgxwmGcf@AauLb14VkpAFcfGnqDvtKIiNjO','2020-06-05 01:53:03',1),(215,'ed99999','kdlu2H5EQS5cqal5b1oGJpAFEnGnPWzU7fWi0d','2020-06-05 02:36:47',1),(216,'ed99999','MVnjZEcVU3M@RaTBb1p6ypAF2QGn-BQUCd0l4m','2020-06-05 02:54:30',1),(217,'ed99999','yc1sI--u_EMHkaW1b1@hqpAFBWGn5rM6pJr0mA','2020-06-05 02:56:38',1),(218,'ed99999','wDJpGS2wr6nrUaKKb11yzpAF!SGnL@mdOkJV0x','2020-06-05 03:18:20',1),(219,'ed99999','mvxp6E-MLUidvaMSb1qrepAFqiGnz81b4YiyDL','2020-06-05 03:44:36',1),(220,'ed99999','Cod2lChJanHjeaAAb1c6npAFgBGngaAFXRSqT2','2020-06-05 03:47:24',1),(221,'ed99999','-981fZyk_7vSmawnb1JMDpAFquGn6w1@OqYPv8','2020-06-05 03:51:42',1),(222,'ed99999','cNFuuMUbn9frVa8mb1aRBpAFzjGnvm6gyFfd4p','2020-06-05 17:37:32',1),(223,'ed99999','ntQvw3hk3GBwZaakb1r4IpAFe3GngnOxemqOYZ','2020-06-05 17:46:18',1),(224,'ed99999','Dt1hYDNuxlsF5aqXb1LBopAF4BGnvY2l_83Dwz','2020-06-05 18:08:47',1),(225,'ed99999','vgvAAqvscyDTQauEb11FzpAFK5Gnmo@AD87tlC','2020-06-05 18:14:10',1),(226,'ed99999','O7eh0_kNiErj9aEMb1s!mpAFmtGnWyRVNFBffl','2020-06-05 19:51:19',1),(227,'ed99999','XAEebRhpb@mvAazgb1xSIpAF4zGnNLfMRbmUl@','2020-06-06 00:51:32',0),(228,'ed99999','LBb4nW@lpuYhQaCNb1SL_pAFmxGnhm2GUEyAY1','2020-06-06 00:51:36',0),(229,'ed99999','MTiX2_zGOInv_aQNb138upAFVmGnESkIoWz3ry','2020-06-06 00:52:18',0),(230,'ed99999','e51KVBQSbFffDawgb1oGgpAFqlGnC7oVe7qYUT','2020-06-06 00:52:30',0),(231,'ed99999','V87kjAMGku7XZal0b1fEZpAFD2GnI69flbuN@r','2020-06-06 01:00:28',1),(232,'ed99999','KDnHlOVSm6UdAaOsb1JM3pAFPJGnz2PKaC@dPb','2020-06-06 01:05:32',1),(233,'ed99999','ciQOuN4r3He7Eaacb1C_DpAFmtGnJoH1Bt26qN','2020-06-06 01:47:04',1),(234,'ed99999','GFv57oXr60cZ@aZbb1rQDpAF-8Gn212GNZuzcj','2020-06-06 01:47:17',1),(235,'am12345','6lEotVshbjYOCABfFGYzWAFGgBIVxlgQfAmI','2020-06-06 01:47:27',1),(236,'ed99999','DJUl7ExC-kx8natDb1zQTpAFOAGnrOYwWj5t11','2020-06-06 01:47:59',1),(237,'ed99999','WPsh_45AWNjYga50b1SwYpAFF_GnLavkJtjEwF','2020-06-06 01:48:12',1),(238,'ed99999','0JcC@Oxqz1cCCadFb1P7CpAFqcGnQ_UpXlEaO1','2020-06-06 01:56:35',1),(239,'ed99999','8oLBgqM6FurKWaNCb1aT_pAFnJGn0Zy4nNnKd@','2020-06-06 02:16:02',1),(240,'ed99999','6ag@V8gY3s1gqaG!b1Y6CpAF@XGnP0w-WpldBq','2020-06-06 02:30:22',1),(241,'ed99999','@Nb27QhgMvMEHawtb1_o8pAFcNGnmWOX6C8akm','2020-06-06 02:34:50',1),(242,'am12345','2r_g9OeObWFgnAcZFGZPIAFGgjmzcl07t2jH','2020-06-06 02:40:35',0),(243,'ed99999','iEXbKz4HVzPVEa9Qb14sppAFEGGnitjW!Ny7D4','2020-06-06 02:40:39',0),(244,'ed99999','idfUcN_60JCd2a@Gb1fGDpAFR@Gn5JFTdEz3tM','2020-06-06 02:41:39',1),(245,'ed99999','PEHDyC9g9v2ctailb1y-bpAFZLGneweRO08XVN','2020-06-06 02:47:56',1),(246,'am12345','VJD1um8jn4zc7AAQFGY7@AFGyJO4mwehTW7l','2020-06-06 02:53:26',1),(247,'ed99999','kEtlqQj2Oi_J-aD9b1dDjpAFIzGnrSKC5F6Ib@','2020-06-06 02:53:33',1),(248,'ed99999','jEleYPmzZU0saaGVb1L@epAF4WGnYsB_4HRWxL','2020-06-06 02:56:26',1),(249,'am12345','LOvuZvV-@14RqAJbFGjVhAFGa4--GDNaeyoR','2020-06-06 02:56:59',1),(250,'po00000','Af8n1VV-goKQtaUEb1I1IpAFutGn4X1l9LRMl@','2020-06-06 02:57:14',0),(251,'pd00000','Ale_lWXwiNJ1FaDfb1tfPpAF8yGnFeRpeEoMkz','2020-06-06 02:57:21',0),(252,'pd00000','9Nc6c2svd128IA1UFG2pYAFGb18Nmjcz@649','2020-06-06 02:57:27',1),(253,'am12345','c42yLAUHVce3NAOyFGqQsAFG30wW2jDDxhgY','2020-06-06 02:57:33',1),(254,'ed99999','L2M6vmpUnAod1auvb1u9EpAFpAGnRa!QP@!DUS','2020-06-06 02:57:41',1),(255,'ed99999','pArUSuXGKDRMVaXqb10gvpAFcUGnHaVmG@2n!N','2020-06-06 03:00:56',1),(256,'am12345','VAAt1viJRtGxxAt0FGRrEAFGYi1e6v021NBi','2020-06-06 03:01:08',1),(257,'ed99999','ordOmaDSMPz8davdb1RLepAFTmGnWXgrat7cli','2020-06-06 03:03:47',1),(258,'ed99999','9Avxz6LUrCN08aewb1VJypAFNeGn4Ujj!cRmLd','2020-06-06 03:05:43',1),(259,'ed99999','6u4d39rgIhCfsabJb11M4pAFvBGnyCQsq1K0@4','2020-06-06 03:09:27',1),(260,'ed99999','g!FTtbWissllcaOxb1d6opAFP@Gnv12kJtgZq8','2020-06-06 03:16:09',1),(261,'ed99999','x9D72unYRASdjaSUb1xJ@pAFH3GnSYPqICUnXP','2020-06-06 03:19:32',1),(262,'ed99999','dvyQxQ61vZ07Gaxxb1BqSpAF5aGntbQhl!xZHE','2020-06-06 03:25:49',1),(263,'ed99999','7SJj7cd-F3t-waHvb1DfGpAFt2Gnkut_fyBzSE','2020-06-06 03:28:11',1),(264,'ed99999','8JCHiD4yeW!4gaL_b1lG!pAFi6GnyUpmldkR8T','2020-06-06 03:31:33',1),(265,'ed99999','9uVsho1mTZyE2aNnb19NdpAF60GncHihVpb6CX','2020-06-06 03:52:39',1),(266,'ed99999','ebdYnTgzWjFtYazUb1oiOpAFC1GnoQ9g21@N1t','2020-06-06 03:53:54',1),(267,'ed99999','q9XGH5OnDc@POaUZb103LpAFK9GnlEHkt!Pjy1','2020-06-06 03:54:31',1),(268,'ed99999','90N0tMmGu2ltVaovb1lQDpAF9BGnF2z_-iayvd','2020-06-06 04:03:06',1),(269,'ed99999','XO6TY4!KVEh@9a5nb135gpAFhjGn79BygJTRVd','2020-06-06 04:09:24',1),(270,'am12345','q_SvqmLNI-m3aA7hFGE_bAFG!-od6V9TT_dI','2020-06-06 04:09:47',1),(271,'ed99999','3XUCUTsFvNSc4aLab1ah5pAFutGnpYZ-qmuGai','2020-06-06 04:10:26',1),(272,'ed99999','fFdfblNoks2nJaUPb1_RbpAFibGn1kgVhE6-fB','2020-06-06 04:14:58',1),(273,'ed99999','IrLOE@K-EJ_AYahOb1bpYpAFHSGnIse_FyFP7E','2020-06-06 13:11:29',1),(274,'ed99999','cPE@TOgW885DSaHRb1R7XpAFOHGnXD3u@Cmz0n','2020-06-06 13:15:53',1),(275,'am12345','oY2yvGYxYytJ3AFkFGfx3AFGVALhx6sHNb0v','2020-06-06 13:18:45',1),(276,'am12345','W3ReGRNqQgBwpAuCFGW5xAFGQj7SHeR63tG6','2020-06-06 13:19:38',1),(277,'ed99999','U!GR@OajTpEFMalPb1S52pAFF8GnumQn!O@lEv','2020-06-06 22:34:37',1),(278,'ed99999','hZtb5KXP1RFjSaueb1i90pAFzzGnnd3gyUm5m1','2020-06-06 22:55:03',1),(279,'ed99999','@rcDALx6Z8Yu!aCFb1Cr3pAFpLGnbJDLJZSnpP','2020-06-06 23:04:00',1),(280,'ed99999','!uFxin1bHJnPtafwb1pk5pAFUoGnAl6V41Ze6l','2020-06-06 23:09:07',1),(281,'ed99999','AWqs_Ax4FuOn1artb1cFfpAFb6GnGaa8uZG8hH','2020-06-06 23:11:06',1),(282,'ed99999','M2mrfj@6g5SiNahUb1EpjpAFoVGnmjAdWpHokr','2020-06-06 23:11:18',1),(283,'ed99999','56!NjOo@@XLLMaTZb1d5qpAFYwGnBvFO45Wu!l','2020-06-06 23:13:13',1),(284,'ed99999','@25wXVZLo1x!XanPb1zsYpAFFGGnsMBudnIVZJ','2020-06-06 23:18:11',1),(285,'ed99999','GfYO1A2IvnBodaU1b1ClCpAFjbGn_TN@i_5Wmt','2020-06-06 23:20:37',1),(286,'ed99999','k3F7MV_Kcb-bhaeob1zu8pAFYWGnOFzqoB6n42','2020-06-06 23:24:32',1),(287,'ed99999','4baiZ5_3T9pIeaAMb1OgKpAFnUGn5tw8MKVDwP','2020-06-06 23:35:36',1),(288,'ed99999','VHtz--Y!cvb3Ba7Kb1gh@pAFSMGnjEEUuV3VXd','2020-06-06 23:41:53',1),(289,'ed99999','9W2D7d8ptdE30aTbb1vE0pAFsaGnEI@xB9iQJR','2020-06-06 23:42:29',1),(290,'ed99999','uVJCl_zY2Zkcea5Bb1Ik1pAFh6GnO-2r6!It_W','2020-06-06 23:44:02',1),(291,'ed99999','A-X32-fciPMvXa8Rb16GspAFYWGnMQQWa3Pyd6','2020-06-06 23:57:58',1),(292,'ed99999','-D5ICAJq8kCm9ad0b1NtcpAFwMGnf9ZtIpjllA','2020-06-06 23:59:20',1),(293,'ed99999','CR01UtSEqUj1BanSb1qGFpAFTVGnuxeU70c@EW','2020-06-07 01:36:05',1),(294,'ed99999','Vs9X8IyDGBFmdaf0b1h7qpAFxpGn-YacvLUrPw','2020-06-07 01:39:12',1),(295,'ed99999','!pVpipKbgGUblaaVb1f_kpAFNjGn96CyRJhczv','2020-06-07 01:40:11',1),(296,'ed99999','!dP2ehCdboNUrawJb14QTpAFneGnLvYc9IsEO!','2020-06-07 01:41:05',1),(297,'ed99999','jX3O8NwupJBwvaA_b11U7pAFqCGn0R8P9HOQKy','2020-06-07 01:42:39',1),(298,'ed99999','J_t6nhYU8NiKyaprb1HcfpAFGHGnRHlCLWkW10','2020-06-07 01:53:34',1),(299,'ed99999','b9vDU-xxyEzRDaT7b1j8cpAFdKGnO@W-@UaC8T','2020-06-07 02:31:37',1),(300,'ed99999','Y5fnKUSGGvBtva3@b1BcipAF7XGnWOdGAgMfjZ','2020-06-07 02:33:59',1),(301,'ed99999','7o6Vql661VRqZaLIb1l@WpAF4UGn82WJ-!XKGj','2020-06-07 02:35:44',1),(302,'ed99999','Xy-cKSFakzbpPadHb1JzOpAF4jGnBXeA_qb2Qm','2020-06-07 02:36:58',1),(303,'ed99999','FYw6!-oTIHx-va2Ub1cRNpAFg7Gn39kFaHnGMZ','2020-06-07 02:38:43',1),(304,'ed99999','XkTF6oMwaQ1Iralnb1OQVpAFVcGn9Rqei5eftm','2020-06-07 02:46:13',1),(305,'ed99999','OrN69V8Lso-Dta_gb1KzcpAFm-GnOq8OfS0t45','2020-06-07 13:02:58',1),(306,'ed99999','yxJxFUQ5qUEjOasWb1O-OpAFBSGnbSQ9Ri!gc!','2020-06-07 13:17:48',1),(307,'ed99999','7hWcbcS6-0nYfaMFb1-O8pAFHOGnanBQOhXChA','2020-06-07 13:22:38',1),(308,'ed99999','mBjTrfGy6-AGQatKb1tPxpAFTjGnmc89zzqz!B','2020-06-07 13:31:06',1),(309,'ed99999','OuBQCdylT57nlapSb1ydypAFEvGnSlwoE4iMxc','2020-06-07 13:37:03',1),(310,'ed99999','Y_1zOw0GQ17oyadjb101!pAF@NGng4OcCV!OfL','2020-06-07 13:38:55',1),(311,'ed99999','WAIiBHX1Wc52ladfb13!vpAFy7Gn@apAGDmPEX','2020-06-07 14:36:42',1),(312,'ed99999','HlaIRYL9ddTX0am5b1BNLpAFUDGnNDCIcxtEfO','2020-06-07 14:51:47',1),(313,'ed99999','BYgG4tykyMVz@aMcb1!tipAFVhGnjp6QbmhtLr','2020-06-07 14:53:56',1),(314,'ed99999','NLdDfdgYrYUANap3b1ksnpAFeuGneLavtALCQA','2020-06-07 14:57:25',1),(315,'ed99999','@3JZmEH1Jpd8RaUib1pr0pAFRvGnUVZhtMkosG','2020-06-07 15:00:52',1),(316,'ed99999','J!ZVQt-6ou-3BaX2b1p5PpAFctGnj__mkhi2iG','2020-06-07 15:01:55',1),(317,'ed99999','xiFDVmIP9VkmIaL3b1EuHpAFoFGnlUYsB9uxEi','2020-06-07 15:06:21',1),(318,'ed99999','qyACONl_fsPara9@b1VLWpAFQzGnHwqZR2azzF','2020-06-07 15:07:55',1),(319,'ed99999','fpEu3V2rOMpugaLvb1PnxpAFXmGnV49FOBogyk','2020-06-07 15:10:50',1),(320,'ed99999','-j6p2c@QHaLk_aCCb1mbQpAFNDGn9RloUDZFhy','2020-06-07 15:12:16',1),(321,'ed99999','gwhU3Br!SaRcraUqb1lGSpAFdsGnHlM7D@McWJ','2020-06-07 15:15:29',1),(322,'ed99999','jvUE1ZzNbHChsa06b17_spAFJkGne577IaVJf9','2020-06-07 15:16:17',1),(323,'ed99999','T3hmwkIP8hZJCaM8b1fAapAFokGnaDkOI1uUcm','2020-06-07 15:17:35',1),(324,'ed99999','9dx13ygkj5-z@aILb1PuEpAFLKGnwYWak!PICL','2020-06-07 15:20:21',1),(325,'ed99999','_hvbrONItBOltaOYb10blpAFaWGn5laKBQ87bI','2020-06-07 15:23:21',1),(326,'ed99999','G1HQ0LOg17kZsaamb13dxpAFtGGn4w1MC2Y1Nr','2020-06-07 15:26:00',1),(327,'ed99999','SmowvK_In!X2ma!Tb1w17pAFj3GnnrxRJF71rG','2020-06-07 15:29:02',1),(328,'ed99999','XsS-hpKHQlmnWaiab1DlBpAF_1Gn3iqjUckAYW','2020-06-07 15:30:44',1),(329,'ed99999','VQ6AM5SMkS288aLDb1G-UpAFLFGnxiEfV0jBw!','2020-06-07 15:32:06',1),(330,'ed99999','9hHyd7RLQeuqcaZKb11XapAFGqGndeGhJJq7Xz','2020-06-07 15:33:37',1),(331,'ed99999','yToV!Pz9ZSIvMaQ9b1nVFpAFJDGnZtmmK9iZYT','2020-06-07 15:42:06',1),(332,'am12345','ud_izu6l14uQDA3TFGk@jAFGHHtwEqUUwOUF','2020-06-07 15:42:26',1),(333,'am12345','gFcHMIIl0RMRTANsFGvUWAFGZXBJFIgToeW8','2020-06-07 15:46:55',1),(334,'ed99999','Pr_C@jHyICVr6aUSb1qzkpAFuCGnQNyrfIloHz','2020-06-07 15:47:06',1),(335,'am12345','iA!Tpst9nFBk6AhnFGA7HAFGs5j_ZNgX6gpf','2020-06-07 15:49:17',1),(336,'ed99999','kUQpXZ2oPyTJVaX-b19TkpAFEPGnlRqOe7mHU@','2020-06-07 15:49:46',1),(337,'ed99999','qpmJwxD0GdMBUaIXb1YuFpAFoLGn!Qycw7YPxf','2020-06-07 16:13:30',1),(338,'ed99999','Wy6ZUZjqdMCtcaM4b1Ms7pAF3-GnYvde8a3o3m','2020-06-07 16:15:33',1),(339,'ed99999','E-AlFs24pYkyzaO_b1TUApAF5sGnrdfr!uCL!L','2020-06-07 16:16:38',1),(340,'ed99999','y@JI-Po7p4y6Oaeqb1-PkpAFsTGnQP3wG7JLM8','2020-06-07 16:18:52',1),(341,'ed99999','o7nX7mEQsfJjDay9b1uFnpAFcCGnU5wX@!BYM-','2020-06-07 16:21:58',1),(342,'ed99999','wSrR!5wNmb!!faGsb1a-@pAFcRGn8P!TIkIvZB','2020-06-07 16:24:15',1),(343,'ed99999','PovnbA4u-Wnk4aQ9b1SeZpAF6PGn04dr33skDN','2020-06-07 17:04:16',1),(344,'ed99999','rdPcTfcwRvYsPaIJb1mPipAFaVGn89ibImvjPO','2020-06-07 17:06:21',1),(345,'ed99999','0TeywKSozpnvLaV_b1DXGpAFF@GnjM40x5kBX-','2020-06-07 17:08:43',1),(346,'ed99999','xiKnIhkp7p0alaVkb1j70pAFIzGnbKXZ94fAk4','2020-06-07 17:12:07',1),(347,'am12345','Y2kAX8vtjHr3xAJIFGtJKAFG1d01314HC@Jz','2020-06-07 17:12:34',1),(348,'ed99999','7NX4v!!CtEP_@argb1hYrpAFNQGnxeP8Ay-bZE','2020-06-07 17:19:36',1),(349,'ed99999','nX8Hx_fyG9OQ2aoWb1xX0pAFfqGnTGGaInUtKj','2020-06-07 17:21:56',1),(350,'ed99999','mNoTCDplekWTpa9Ib1RDmpAFu0GnxWgeUneaOn','2020-06-07 17:26:49',1),(351,'ed99999','2n8K6wR671!eNaglb1N2ypAFvjGnZm4P1OBsJV','2020-06-07 17:31:38',1),(352,'ed99999','KK6c_Zeta7cPdaDKb1NLMpAFwKGnsoCLr_Hfjm','2020-06-07 17:33:34',1),(353,'ed99999','ay_lbJlxcO7jeasFb16KCpAFOxGneMYnZTDZZb','2020-06-07 17:34:32',1),(354,'ed99999','OL4WKGmmKMbLbaSJb1h04pAFUrGnX2TuLjc3R-','2020-06-07 17:37:52',1),(355,'ed99999','J1fwtxiurSYYtabsb1vynpAFsTGnPtIHM9fXHz','2020-06-07 17:40:53',1),(356,'ed99999','PBGyakFEjCmZ2aJ4b1VS6pAFdRGnYwIa7i1CJI','2020-06-07 17:52:57',1),(357,'ed99999','2NChXh5Uv4Brfampb1j3MpAF_cGnFSkEbM-j-a','2020-06-07 18:04:41',1),(358,'sdf','OP9DjA@!QKnPL4v7p9Nd694pGZ9@_z8_Mf3zA','2020-06-07 18:06:30',0),(359,'ed99999','yxgXnMX0J-YvTa9Bb16P8pAFMuGnXK6L1C!quz','2020-06-07 18:06:32',1),(360,'ed99999','6qDYLwDoxSjPCa21b15ELpAFJxGne3AC3MMlF9','2020-06-07 18:08:03',1),(361,'ed99999','vJHqx0h1bIZbray_b1v8YpAF6cGn6J4ppZ96Rd','2020-06-07 18:08:31',1),(362,'ed99999','pCf_uzWplZ2dEa!3b1h2opAFDKGncJdJYPwC9r','2020-06-07 18:34:15',1),(363,'ed99999','t@jsSqgNGjqVHaxxb1MANpAF6dGn-qj@8QTQM9','2020-06-07 18:37:51',1),(364,'ed99999','bCop5qWo-ryT8aZkb1O!vpAFYYGn08PJ6BWKxL','2020-06-07 18:38:48',1),(365,'ed99999','zEGAXNkZbWkInaVLb18D!pAFQFGn6KCNaya2kS','2020-06-07 18:44:57',1),(366,'ed99999','G-sz3iDsog9Y6avpb1LaMpAFULGngbeQLf!sug','2020-06-07 21:20:30',1),(367,'ed99999','VH5aV9XlWz6j7amcb1QnOpAFd-GniFWTcBkL1R','2020-06-07 21:21:00',1),(368,'ed99999','Q8yjQ3rF6rzGjaGgb176spAFkmGns_e4mKpzMM','2020-06-07 21:30:43',1),(369,'admin','t_pbYkDDi90akaSppCADI@DaVopC@DqTvQbmBtlw','2020-06-07 21:30:59',0),(370,'admin','CSIpMgeyofMUxaU_pColE@DaRlpC@DJ_-7NHVv5F','2020-06-07 21:31:03',0),(371,'ADMIN','yL4qEqp02@!yBaHUpC!_g@DaBKpC@D36dc@TTh6P','2020-06-07 21:31:14',0),(372,'admin','9_8Eh!Q3898wcaPIpCl-R@Dae3pC@D5PqwR4magi','2020-06-07 21:31:25',0),(373,'admin','cp5Cc94YVCP3paoOpChjf@Da3CpC@DnQ5KGREYqb','2020-06-07 21:36:05',1),(374,'admin','tuqgRCYe1ZCOtahbpC4-z@Da5EpC@Dc-gmdtew7M','2020-06-07 21:37:01',1),(375,'admin','pbs9ZfMj6T56YaCqpC-Pc@DacgpC@DpRnIo!Mw7A','2020-06-07 21:47:14',1),(376,'ed99999','R0M9p8!T5RUQXa46b1PnOpAFiyGnNcN_Jtx1gp','2020-06-07 21:47:42',1),(377,'admin','hOZ!AQ4a-RAE5arhpCXip@Da4PpC@DqjTkKmwn-w','2020-06-07 21:49:25',1),(378,'admin','K4QFG-f2XnAq0avzpC3b!@DaP!pC@DPotpH0u1FB','2020-06-07 21:49:52',1),(379,'ed99999','FzcpUsFs-fAM_a7jb1Xg7pAFbvGnQwlv2050rW','2020-06-07 21:51:57',1),(380,'ed99999','WHWCOd8-xSjNFa-hb1LrwpAFCyGnHk8ei9BxLv','2020-06-07 21:52:08',1),(381,'ed99999','dGmkslewN4QwFaYib1H9ApAFyUGnMF@P0jrSOu','2020-06-07 22:01:31',1),(382,'ed99999','F9F-sXjinuGuHaCKb1R!mpAFfdGnsXMKkegPTN','2020-06-07 22:02:40',1),(383,'ed99999','HpJ!3TtdQnxKcaOnb1LvipAFnEGnOCH!dYbsk!','2020-06-07 22:03:15',1),(384,'ed99999','8SHDsQgPBl@JWaM8b19UupAFa_GnfTguTiQAai','2020-06-07 22:04:06',1),(385,'ed99999','1sGmOU7eXXIdmat8b1FAqpAF4KGneN9Ep6NIw5','2020-06-07 22:04:40',1),(386,'ed99999','pcSts3j4KDByaahPb149SpAFNZGna2miBPpCk8','2020-06-07 22:12:05',1),(387,'ed99999','wwF-aV37z70LJaIeb1U4qpAFC9GnJZNIS3GrFD','2020-06-07 22:12:14',1),(388,'ed99999','1TTi10excf@zTa4pb1XkhpAF9GGnxNy6xA9tDl','2020-06-07 22:18:34',1),(389,'ed99999','rL3gG-uOwnio!avMb1oMQpAFylGn2NvD7o2HHY','2020-06-07 22:18:42',1),(390,'ed99999','t-6GbNa@zbd@DaZwb14UQpAFxqGnX_pB5OcPFZ','2020-06-07 22:20:21',1),(391,'ed99999','Q0xoPLi2KvM02atSb13FepAFC_Gnb-xhEda3KN','2020-06-07 22:20:27',1),(392,'ed99999','931uzrEb6z!qNa3Bb14bmpAF-uGn2UKzc3aagy','2020-06-07 22:30:30',1),(393,'ed99999','TW_B!m7OwgNDta4Kb1MyspAFPQGnEXoFLmSS-U','2020-06-07 22:32:44',1),(394,'ed99999','H6@v9B5R9G-ONanIb19kRpAF3@GnzF-OcHYyqS','2020-06-07 22:42:46',1),(395,'ed99999','OFp84C_AzKTdFaE0b1yErpAF!2Gnn79K6Mf6S7','2020-06-07 22:55:05',1),(396,'ed99999','vJuxhmIgHfH0vanwb1hxNpAFxAGns3By!uLAt@','2020-06-07 22:59:06',1),(397,'ed99999','p8vAaIk-GFALva_Hb12OopAFV6GnqWNx0QuWhv','2020-06-07 23:03:44',1),(398,'ed99999','x5yJHLkp97Duwa24b1WdopAFYuGn3PqddWNYgt','2020-06-07 23:22:39',1),(399,'ed99999','4sJ67T7jDGxNbacZb1o42pAFUdGn0mQRWqvR81','2020-06-07 23:33:46',1),(400,'ed99999','qC4wMl7o@gjMcabtb1vigpAF4oGn-NrysnDWXe','2020-06-07 23:46:37',1),(401,'ed99999','4_mTtvLvZRVUyacbb1-6MpAFGKGnnF9!bGzY33','2020-06-07 23:51:57',1),(402,'ed99999','g_-NgBC-@dTihazeb1dZSpAFldGnjNdLPHeIiC','2020-06-08 00:17:19',1),(403,'admin','VMnyBUJuX-jO-azMpC@yO@Da8tpC@Dc0-pF4GsmN','2020-06-08 01:03:03',1),(404,'ed99999','vXRlndla4vddEa1Bb1QVNpAFoKGnsQefYyQve@','2020-06-08 01:30:32',1),(405,'ed99999','mDoioeaNlZ@CWaT8b1S09pAF1jGnmCVDZ7cjPr','2020-06-08 01:37:24',1),(406,'ed99999','gzXJWWjIUq1Joa0sb17rMpAFFgGoNL@Se-b_6','2020-06-08 01:50:02',0),(407,'ed99999','yiixdTE7qn9Lzaptb1VTGpAFJ0GnJ3ivVncq1T','2020-06-08 01:50:49',1),(408,'ed99999','AY!@jfhwPbsOuaVUb1H0jpAF27GnOt7joLV!q9','2020-06-08 01:52:56',1),(409,'ed99999','MmXK1kg3Mf0Tvar9b16hwpAFf7Gn!cRfYZ4BLN','2020-06-08 02:16:09',1),(410,'ed99999','syRrfgTtMP8hDa-Cb1hwrpAF2fGn3o--FIRbTh','2020-06-08 02:16:47',1),(411,'ed99999','oh4H7mtCDBRFMaTkb1G1kpAF-NGnPxtCp19BJs','2020-06-08 02:24:53',1),(412,'ed99999','JutxWfM4j@xj6aG6b1DJFpAFekGnidiVLb33gH','2020-06-08 03:06:25',1),(413,'admin','Gkyskg@StGRsaaFTpCw06@DasEpC@DPZqE0en1f2','2020-06-08 03:14:15',1),(414,'ed99999','61RPKBg2li8eua-Ub1Ci2pAFItGn!trPcy9QYV','2020-06-08 22:27:06',1),(415,'admin','GDBgqFFtpu-Lqa25pCksy@Daj8pC@D5qkoObUeye','2020-06-08 22:27:59',1),(416,'ed99999','5yu70jlfArn4capEb12dcpAFniGn2AnApzHT9x','2020-06-08 22:29:17',1),(417,'ed99999','DgmoaEh-_NV7Lao0b12C8pAFGSGnt_70HHmP4c','2020-06-08 22:30:03',1),(418,'ed99999','D41TkOIwR1N0Oa07b1SQRpAFBAGnAzv93O8P7e','2020-06-08 22:30:28',1),(419,'ed99999','tlihGI3OOjVr4a0Ub1bjFpAF9RGnH6nw5CwABi','2020-06-10 23:38:39',1),(420,'ed99999','gCE0eKPY@5-c4a!rb1gP9pAF9ZGnqbA5BnTv05','2020-06-11 01:00:26',1),(421,'ed99999','b6sQXG6!TdxYUatTb1OOkpAFnGGnuvuGM1yWVt','2020-06-11 01:26:15',1),(422,'ed99999','oSM9eDfWFGV38aMgb14WkpAFBNGnZ@v7AAHLU4','2020-06-11 02:35:39',1),(423,'ed99999','vYdC7rvGWuwfGa1fb1_WipAFaTGnz4GnlWAjbQ','2020-06-11 02:38:39',1),(424,'ed99999','bX1Esf-It05zKawzb1ZQtpAFivGnaJkK5srQm2','2020-06-11 21:40:02',1),(425,'ed99999','mCj3LyNBJ-5zjaONb1nlqpAF0GGngfCjAATvVV','2020-06-11 21:49:37',1),(426,'admin','keZDXyk10DGlJauKpCv2-@Dak7pC@D1t0L1enEdH','2020-06-11 21:49:41',1),(427,'ed99999','A7ZVMTga4ZeLUaE8b1yVDpAF5AGnoSR-!69!4t','2020-06-11 21:49:58',1),(428,'ed99999','XCetWjSC6_!OLaZdb1!ovpAFLRGndtoPM2OlJP','2020-06-11 21:59:05',1),(429,'ed99999','IbK1trv3cE6pOaR_b1qL9pAF9LGnrKBnyi8wrE','2020-06-11 22:03:12',1),(430,'ed99999','biUlyzz9guiKfagyb1r7PpAF-6GnOgZaqFiZ8A','2020-06-11 22:06:19',1),(431,'ed99999','9e4x9JvW!!T_Rawbb1RNSpAFzKGnB695IRu03K','2020-06-11 22:09:58',1),(432,'ed99999','JXPyVWh0o!Rbza8Nb1itJpAF-dGnkU6odz6i1!','2020-06-11 22:40:24',1),(433,'ed99999','FaIRs_0Geu5hhaYJb1bCOpAFRAGnZ2xwGB!xjn','2020-06-11 22:41:08',1),(434,'ed99999','cNXnmEom6qr3xawWb1jKypAFgwGn8v06HTRy5M','2020-06-11 22:43:24',1),(435,'ed99999','k6qBWkC1lvfUsaNHb1C4OpAFZnGnxAVfxRAFwn','2020-06-11 22:43:56',1),(436,'ed99999','fGdQzAIrOzshHasqb1JcMpAFeZGn8jd6GQDdkU','2020-06-11 22:44:58',1),(437,'ed99999','HKIQsav5mUZkqamjb1VylpAFx7Gnp6lJxPCo-E','2020-06-11 22:58:08',1),(438,'ed99999','0nN-f3o19IOhra-vb1S0CpAFfuGnxi-hlc1g5d','2020-06-11 22:59:54',1),(439,'ed99999','!IF1jibThoijHaeub1xTHpAFEJGnB5TF-FyRZI','2020-06-11 23:02:04',1),(440,'ed99999','hsbq3zf!ThZ_TaO6b1jDHpAFE7Gn3Akq8Eu0Nc','2020-06-11 23:14:06',1),(441,'ed99999','r_PFuWeW5wAhKaP@b1iJrpAFNvGnF3c47xGM0K','2020-06-11 23:55:20',1),(442,'ed99999','Hpj_5Gh7dudGraRBb13tWpAFlGGniQOQyehaxO','2020-06-11 23:59:29',1),(443,'ed99999','-mzGkcZ01YYKFaZhb1uM2pAFieGn9SfS5hi6Oc','2020-06-12 00:48:19',1),(444,'ed99999','cuMvOit_t6Vh4aglb1R!XpAFpuGnlO8OO72XRM','2020-06-12 00:50:07',1),(445,'ed99999','c0S5f2Q-KDaw3aPwb1ceQpAF-mGn@etblbBJCY','2020-06-12 00:53:42',1),(446,'ed99999','gkFhsTBL1zF93azkb1@tZpAF30GnjkzWnnCeO@','2020-06-12 00:55:03',1),(447,'ed99999','M0IC!Vt-gDvupaU!b1i78pAFkVGnChncLp8J4!','2020-06-12 00:56:59',1),(448,'ed99999','ZJCyw37tk9q0NaUtb1pFIpAFSZGnmdRqhc1eCv','2020-06-12 00:58:26',1),(449,'ed99999','H8lpKyHVCRVLvabRb1Tr1pAF_cGnSwDP9gEu@X','2020-06-12 01:00:08',1),(450,'ed99999','v7yTu0YCvdgiqaLtb1weMpAFjJGnZSu-07DN4h','2020-06-12 01:13:00',1),(451,'ed99999','P1vdkdOoUyc1Ka_Lb1CRupAFXUGnxU9E5CAfhV','2020-06-12 01:16:43',1),(452,'ed99999','P!xwsWNnwTHndacKb1hbrpAFJcGnOAb62q!ySK','2020-06-12 01:19:15',1),(453,'ed99999','KZpYXoRYhZyi9aS0b1_iVpAFJBGn7mAB8aLtJh','2020-06-12 01:22:17',1),(454,'ed99999','-zqUxCjyHro66adsb1uTrpAFCZGnFYty95LFb_','2020-06-12 01:25:07',1),(455,'ed99999','3TMXwj-q1a-hSaVcb1o3fpAFvMGnKlmL7svFRN','2020-06-12 01:26:47',1),(456,'ed99999','_sgsT6Xyq1TFUaN2b14tBpAFV5Gn6vtiNL1Fiv','2020-06-12 01:37:18',1),(457,'ed99999','2VpALFLeg2i7-aC8b1NYGpAFrFGnh6O99S1Cfj','2020-06-12 01:42:57',1),(458,'ed99999','foKaPf6b_UT6ba_xb1cW0pAFtVGnq4fJrWiBop','2020-06-12 01:48:30',1),(459,'ed99999','-wUWabp-PQvfAa7Eb13ThpAFUwGneQpr9bvEAi','2020-06-12 01:51:41',1),(460,'ed99999','7Nx3GJ@4eOr1Cajab1OLXpAFLYGnEWcG_eTi-q','2020-06-12 01:53:01',1),(461,'ed99999','G0799xeBNYHxQaDfb1bDgpAFcJGnM3!2hnizT5','2020-06-12 02:00:14',1),(462,'ed99999','awu3nqocx23Ozaq_b18TrpAF76GnRztMM8zyva','2020-06-12 02:03:19',1),(463,'ed99999','QHhnXdl12haiYa3Pb1Ya_pAFGCGnzAy72v1U5O','2020-06-12 02:04:47',1),(464,'ed99999','MBDljRetD7CLfaLZb11u4pAFCOGnf8Adnb_TVM','2020-06-12 02:15:09',1),(465,'ed99999','TrruX@nt_ztk!a-Ib1IoGpAFPUGnqNs5wrcKwr','2020-06-12 02:17:05',1),(466,'ed99999','Kt9_YPBTWwPlCauHb1s@ZpAFxgGnxLEU@WWUxb','2020-06-12 20:25:19',1),(467,'ed99999','r9oM1!-XSW!0!aDkb1!wqpAFypGnK4-dOZ43Ku','2020-06-12 21:03:54',1),(468,'ed99999','!M_IDQ2zS_CIbaVHb1n!JpAFydGn97NLoCdyBR','2020-06-12 21:06:08',1),(469,'ed99999','iww__S861TYWeaUsb1HKTpAFn4GnhKdoYNQJ3f','2020-06-12 21:08:21',1),(470,'ed99999','OQHDNhQMA3P9Ea0Mb17yOpAFO9GncYHMNWnj_y','2020-06-12 21:13:36',1),(471,'am12345','IKJNlQjccQ6UKAoWFGGaOAFG32QnqFm7gsGE','2020-06-12 21:17:42',1),(472,'am12345','WlHbssVcsRybJAZsFGKCGAFG64@EgwTaX1Cd','2020-06-12 21:18:03',1),(473,'am12345','xKdwfsVUwNYqiAitFGg-eAFGP6AH!6a0v_Z9','2020-06-12 21:24:52',1),(474,'ed99999','QmvqBUL@jBU0vaZ_b1mInpAFIKGnzfJvM_5tYB','2020-06-12 21:26:32',1),(475,'ed99999','0gVYK8LiF8E9eaM5b1c0ppAFe8GnKy_DhoHgpl','2020-06-12 21:28:39',1),(476,'am12345','vBZJgEj97hbpMA0cFGKu7AFGXryuXDjxSfTr','2020-06-12 21:28:42',1),(477,'ed99999','nU9wWv!nZ1ivqaRxb1jnHpAFqZGnDp5WPO-WrH','2020-06-12 21:38:42',1),(478,'am12345','YpZgUk3dMBIcxAGFFGKdkAFGtH3lcRjBiHOR','2020-06-12 21:39:04',1),(479,'ed99999','7PyqFTPvePX1Vahqb1w3dpAFieGnVGiZVLx2sv','2020-06-12 21:46:16',1),(480,'am12345','YFOMM5q3mU1c6A9jFGohhAFG2!XkXBt2KbxG','2020-06-12 21:46:36',1),(481,'admin','iU1Vi_Fdo8fOraMppCyX-@DaSepC@D7fttPuXar9','2020-06-12 21:47:44',1),(482,'am12345','YNlyT7-Z1Xd8lAA@FGVMZAFGPgLBPz_ZCJLU','2020-06-12 21:47:56',1),(483,'am12345','JbbVEOJ3n4QswA1MFG7R6AFGL-1C7H3N8rQ4','2020-06-12 21:49:38',1),(484,'ed99999','DfB20KybE!D8Ga7gb1x7MpAF!xGni@duO@bW!2','2020-06-15 18:54:54',1),(485,'ed99999','--zWdt2nbHpCfafub1h-NpAFmVGncv6pq9suDG','2020-06-15 18:57:32',1),(486,'ed99999','ya24qWq!DLaUiayCb1na9pAFxoGnAqUmevH-KF','2020-06-15 19:08:38',1),(487,'ed99999','YLn_FVb@fiZXwalhb1RsZpAF3ZGnh@PJN1oRaZ','2020-06-15 19:10:03',1),(488,'ed99999','XgJQnc9SbyXJiavBb1HBWpAFnVGn8Ny5Rd7RRQ','2020-06-15 19:30:20',1),(489,'ed99999','D80NqHJmucBqlaU9b1tCfpAF-LGnSch@@Z0sle','2020-06-15 19:33:46',1),(490,'ed99999','caIJM6yQ2mmpoasAb1gXEpAFNiGncYGIDTGaF9','2020-06-15 20:03:16',1),(491,'ed99999','r5AYIZ5xdTti4aX8b16JxpAF0!GnS7ekGSoVFY','2020-06-15 20:09:35',1),(492,'ed99999','G7Qyi1FJYAi_daBTb1rG1pAFYIGnOhHEVe2VxJ','2020-06-15 20:10:28',1),(493,'admin','9OwUnyKtZrw6eaOWpCIVY@DavspC@D9HETzGJmco','2020-06-15 20:11:14',1),(494,'ed99999','zE@101pBuZ6pRapQb1uqFpAFupGnK9bka-0_tk','2020-06-15 20:19:38',1),(495,'ed99999','X9vCqn_ERbqrhas5b1CSUpAF!TGn@NwADaHG9k','2020-06-15 20:21:33',1),(496,'admin','WByXFdLIxBEDwa6PpCWy1@DaknpC@DgkCVdTRLnQ','2020-06-15 20:22:11',1),(497,'am12345','yrFvo9Cmupg!8AgKFG17GAFGvrNWRkt4_p@Z','2020-06-15 20:22:32',1),(498,'pd00000','rurOrH4B@g37MA1HFGbGxAFGxTEG727laAQl','2020-06-15 20:22:39',1),(499,'am12345','oi4BQ_apRyMWsAJZFGJSNAFGLJOR6SaRvU_w','2020-06-15 20:22:53',1),(500,'admin','@dhTDWYBYtbiEalUpCAgh@DaY5pC@Dw-kJ8vSUSW','2020-06-15 20:37:48',1),(501,'ed99999','3DZw63dPttj2_a!fb1om0pAFZkGnhtzCg3wGF!','2020-06-15 20:50:24',1),(502,'ed99999','D!Bx8F8X@rtlRaBZb1E80pAFqsGnAxQh7a2RgE','2020-06-15 21:04:31',1),(503,'ed99999','HtUhPw5QkaiHMaP2b1K8NpAFu!GnEc65!xgZZx','2020-06-15 21:07:27',1),(504,'ed99999','vfR-AbA5LaBQEaf2b1Vo2pAFNnGnogeAI8si7s','2020-06-15 21:22:32',1),(505,'ed99999','RQ3jqdcMfKkLaaJib1ENMpAFN4GncYXVXHFOgI','2020-06-15 22:23:48',1),(506,'ed99999','nlWcLoEoQbQ3pabBb1SygpAF@2Gn79i103h6gQ','2020-06-15 22:30:16',1),(507,'ed99999','id27dpXLuIDP0aAkb1YEjpAFbQGnPFzqqe2unC','2020-06-15 22:33:42',1),(508,'ed99999','!76yPkOKc0F1KaV@b1YbRpAFAxGnaITsSp4pfK','2020-06-15 22:34:55',1),(509,'ed99999','wl2BZrBuE7k9faJjb1dI0pAF3dGnv0kaV27MYT','2020-06-15 22:46:28',1),(510,'ed99999','vlizOPuNcelgyaO2b1OAgpAF@CGnhtR28QknaL','2020-06-15 23:00:27',1),(511,'ed99999','mVhA_gZ_zwiuXahUb1ZGhpAFUyGnczt-TUwpg0','2020-06-15 23:02:27',1),(512,'ed99999','MpqUa7vseJ!R5aR8b1hJkpAFeCGnhRD6U8z9RS','2020-06-15 23:08:20',1),(513,'ed99999','N1GHTMNZ8xyH-atjb1L-kpAFavGnqI@tew@gjX','2020-06-15 23:11:00',1),(514,'ed99999','nK8nAy9_m3M5Yar4b1mkqpAFZeGnE9EW6HTl4X','2020-06-15 23:20:19',1),(515,'ed99999','0eEI3Q8w8NX2cawwb16o3pAFafGnpnqxpUhOYl','2020-06-15 23:23:42',1),(516,'ed99999','q7e2UNsXwYJRNapGb1U_MpAFAgGn0H57R-Jb_9','2020-06-15 23:25:00',1),(517,'ed99999','xkoZ6YSSTQ60CaVYb1fs4pAFGtGn-JMQ3UwaXT','2020-06-15 23:26:38',1),(518,'ed99999','hvBfjfLUsrZXyas_b1J4gpAFeIGniUUWmEvKa@','2020-06-15 23:28:21',1),(519,'ed99999','9NlkRQ57dAS79ab!b1omtpAF-VGnNu3hlntb8o','2020-06-15 23:30:14',1),(520,'ed99999','nxtzL5N4CNlZ6aLqb1lN6pAFSwGn!xsoJyRXb9','2020-06-15 23:31:12',1),(521,'ed99999','dP76C-F@7xV3wapQb1P4VpAFweGnja1r!l@iBx','2020-06-15 23:33:22',1),(522,'ed99999','8vIExYitG!zh9anGb169IpAFBPGndo4HSlcs2F','2020-06-15 23:35:38',1),(523,'ed99999','ttLfcamR2vLg8ajrb1DtWpAFunGnvktSexOVay','2020-06-15 23:38:01',1),(524,'ed99999','fYt8CI-DBh3q2aV!b1r-RpAFRMGn10H_UeU7_R','2020-06-15 23:39:48',1),(525,'ed99999','i@LVbT2!KuLl1a76b1niDpAF5zGnV7W@01zPN8','2020-06-15 23:42:00',1),(526,'pd00000','Njfkm9-1-4IVAAlpFG0MZAFGPe--zEVH@Yct','2020-06-15 23:44:20',1),(527,'pd00000','8dG-oPq8MfnA6AXCFGA5nAFGuiZmYl10L4WT','2020-06-15 23:48:28',1),(528,'pd00000','rXEIQbRAISaWzA_ZFGFmBAFGoz0f9PJE61XX','2020-06-15 23:50:29',1),(529,'pd00000','Z@@sDxXiBztBoA7aFGrQNAFG_FpPafOuOTev','2020-06-15 23:53:06',1),(530,'pd00000','gm3pgW9rj2GzsAu@FGGkrAFGNloVyNMTA9co','2020-06-16 00:13:20',1),(531,'pd00000','fnpCxC9MoYOaHANuFGKQfAFGQFKz5dX30FcJ','2020-06-16 00:20:05',1),(532,'admin','!U6CvEzn65mPjaoJpCB0L@DaKLpC@DSadYV9HKeV','2020-06-16 00:28:02',1),(533,'admin','g8IyLg7F1hjbva@KpCLB4@DajqpC@D9YpZRIdnqC','2020-06-16 00:34:11',1),(534,'ed99999','RXxRpKOHvIBCAa4ib12ZHpAFXCGnb9Qlek@Taj','2020-06-16 00:43:54',1),(535,'ed99999','vTXbXJ38oH_WCay0b1OQtpAFKKGns!w086k9xT','2020-06-16 00:48:19',1),(536,'ed99999','9Duv1vop61gcWaLyb1nOcpAFF4GnmfjnrA77y_','2020-06-16 00:59:43',1),(537,'pd00000','ho94Pe3FIrYBoAXfFGCv3AFG!BE6Thl6OsCt','2020-06-16 01:00:01',1),(538,'pd00000','zYdTg2O-x58xuAncFGBNlAFGLBR8QPEUI8PL','2020-06-16 01:02:30',1),(539,'ed99999','Tua61Evb9byJGacMb1ii9pAFNLGnpFUArVlFoJ','2020-06-16 01:07:33',1),(540,'ed99999','0anqbCCvWIYFKanib1Mh9pAFR0Gn5RYYBtOV2m','2020-06-16 01:12:07',1),(541,'ed99999','LuQuGQ@W0FAdbaScb14f7pAFi_Gn99hthBjy3y','2020-06-16 01:15:29',1),(542,'admin','UZTf67CPEi0xxaxupCH_V@Da-vpC@D3Qre8aGsQd','2020-06-16 01:51:08',1),(543,'pd00000','t63y2vXTZ6iWpAMxFGP9AAFGAm-wAHpgow03','2020-06-16 02:00:18',1),(544,'admin','Bb@cGz9w63Q!wayqpCt6J@Da5npC@DAAGg1_p_zJ','2020-06-16 02:07:26',1),(545,'admin','p2KGwnKuXWzQKaJgpCKxO@DaZkpC@D3gbg--tARz','2020-06-16 02:16:35',1),(546,'ed99999','_G4eP6OpqAjs2a!Jb1MqkpAFNoGnp4a@4rJBC4','2020-06-18 23:02:49',1),(547,'am12345','nrA-N6GF4aQnYAU@FGGflAFGNYLO7lWPbPqc','2020-06-18 23:04:16',1),(548,'ed99999','D_3coqMjEMB@Sa4eb107hpAFYrGnJcpWeTfLSm','2020-06-18 23:04:43',1),(549,'am12345','s8q9H56Ia9EoTAuzFGlFiAFG!t9g0qHsdO6o','2020-06-18 23:05:38',1),(550,'ed99999','mxsNrAFOSQSS6agab1!RZpAFNrGnzG-voC8z2y','2020-06-18 23:09:04',1),(551,'admin','zVcaD2I17Tf!XaejpCdY-@DaqRpC@DtYUlY1PxND','2020-06-18 23:15:29',1),(552,'admin','9LwOEsbjyO4ihanspCGb!@DaLspC@DwdBLK!C0Wg','2020-06-18 23:56:25',1),(553,'admin','F!BfL9nrpY@yba8tpC9yF@DalKpC@DGj-5fXqGRP','2020-06-19 00:03:07',1),(554,'ed99999','@VcVHPsFkzkrYaUmb1de3pAFbhGnH1teX-sHSI','2020-06-21 23:03:24',1),(555,'admin','dgWUPy8fxogVoa6rpCCla@DaDYpC@Dq53VjjLBha','2020-06-21 23:21:18',1),(556,'ed99999','oKbXqv6C8Cz_ta4pb1NzxpAF06Gn6n90k1bQpO','2020-06-21 23:21:39',1),(557,'admin','eCVfmJoa3UxYcacVpC7zF@DayMpC@DGApYYg4LdZ','2020-06-21 23:21:48',1),(558,'ed99999','0AnGsFzGkyNb-aTab1V7rpAFtuGnYDGfzFnYe6','2020-06-21 23:22:11',1),(559,'ed99999','zZz2bmSl5cbRFa_tb18QXpAFZHGnWJrAkZQRH1','2020-06-21 23:31:09',1),(560,'ed99999','Z8AXb16kOg5pTap-b1aD-pAF6VGn1pNaymHh77','2020-06-24 22:58:50',1),(561,'admin','oPN6zukavaNb1a74pC_nV@DaFtpC@Dgb-o@IYgtC','2020-06-24 23:23:44',1),(562,'ed99999','CVPi883aSnah2aZvb1!XDpAFJDGnOARjU4d0hX','2020-06-24 23:24:10',1),(563,'admin','qAaXxTta!myOwaBlpCqoc@DatNpC@D53y9@-jSVb','2020-06-24 23:26:25',1),(564,'ed99999','_w-9K_E7VpOoFaTCb1@5upAFdeGnV8DeL_PeD1','2020-06-24 23:26:29',1),(565,'ed99999','Tcirbet3jfE-@aPlb1f2ypAFZsGn4RxJ5HjlkB','2020-06-24 23:27:05',1),(566,'admin','vvh!CeR3T_mZraTVpCf3X@DarmpC@D2kQrcgOHeJ','2020-06-24 23:28:22',1),(567,'ed99999','of9NqUboHyczXaS4b1VaSpAFK!Gn39rjb-3Z32','2020-06-24 23:28:27',1),(568,'admin','1AgXqeasIvF8UaNlpC!Ue@DaY-pC@DrdGDHKvwQt','2020-06-24 23:31:15',1),(569,'ed99999','gFnhXOhEoZCCUa47b1lXDpAFCIGnR6tfLFRGqE','2020-06-24 23:31:27',1),(570,'admin','agxXIsQy5AuGqa03pC8s7@DaOOpC@DGSrR0-VSrD','2020-06-24 23:33:42',1),(571,'ed99999','!ps@aelzF5K0WaRNb13F_pAFTSGn9gFuwkqKgz','2020-06-24 23:33:50',1),(572,'ed99999','nLEAxfzSIZvvpaIqb1XdwpAFfzGnyWys8JM@kF','2020-06-24 23:37:30',1),(573,'admin','eEXXmnUyEkOEAayPpC9Dz@DacEpC@Db5ZjV06CMg','2020-06-24 23:38:16',1),(574,'ed99999','Cf_GoUqN7zmffasSb1odApAFO1GnRhw9CZy@xb','2020-06-24 23:38:27',1),(575,'ed99999','wvUA2eQT2pTs0aQWb1F63pAFlDGngAsk09uAsh','2020-06-24 23:50:59',1),(576,'ed99999','rR02FRmb9SvQUaF@b1!fEpAFtIGnlIU!BGbCUh','2020-06-24 23:52:21',1),(577,'ed99999','Iddx7MwjhY6r8auWb1VdhpAFCuGnXIPtDsSJXc','2020-06-25 01:47:45',1),(578,'ed99999','AM2b4PLF-i02Ua4eb1WI1pAFUWGnw!-t!cHVTR','2020-06-25 02:00:09',1),(579,'ed99999','F4VOQ_2AUiXV3as4b1t4tpAFzpGniYzI1rGTwg','2020-06-25 02:00:38',1),(580,'ed99999','dm3ZprnFr!3vualUb1CnOpAFgRGnYTBjMA0P-8','2020-06-25 02:02:50',1),(581,'ed99999','SBYJD85s5zmrYa2Wb1QkzpAFa1GnlbSDW1fuX0','2020-06-25 02:04:56',1),(582,'ed99999','wFSibnT1suvbYa@cb1Q@ppAFoJGnBuwVC_zVxr','2020-06-25 02:09:23',1),(583,'ed99999','eV0q@KRLV_P5iaNab1BK7pAFepGnf7S!V!Y@Zl','2020-06-25 02:10:40',1),(584,'ed99999','zIyKXrAwU8qQZanpb1nY7pAFh3Gn3IqTvgrVTs','2020-06-25 02:12:26',1),(585,'ed99999','OHDOlVdUUvk!!auxb1zdQpAFfuGnNpferoR9CZ','2020-06-25 02:16:00',1),(586,'ed99999','ieji5a1@DTJ17a_jb1REfpAFiaGnFQCYxFBQaz','2020-06-25 02:19:46',1),(587,'ed99999','h!!J1vp7YlaNZan-b1M02pAF_5GnDTBhuH!acI','2020-06-25 02:29:28',1),(588,'ed99999','U8pZG@a@e1bjJaEYb13nPpAF-yGnvcw8fxdF@y','2020-06-25 02:34:06',1),(589,'ed99999','oVVTKKvwTe4!_aOhb1mjTpAFHTGnvQ-lKrp1br','2020-06-25 02:37:21',1),(590,'ed99999','iQaNvKDsuJHvratib1M!4pAF-_GnF!ilCReEU_','2020-06-25 02:40:23',1),(591,'ed99999','GaWae0q7qxVteaHzb1RcOpAFDjGnirUYmemPP_','2020-06-25 03:00:26',1),(592,'ed99999','S7QlvQeqBp7f1aT6b1uB!pAFhJGnVzH7ZLVUff','2020-06-25 03:04:38',1),(593,'ed99999','vGm95Jd!QtpAkaFhb1yaapAFqaGn0U8y04hROQ','2020-06-25 03:10:46',1),(594,'admin','hM8bKjnrgfPudaFFpCLqt@DaBepC@D4JVkm7piCD','2020-06-25 03:12:27',1),(595,'ed99999','nblpNky4vCY9@a8Eb1_9RpAFbNGnbo0M1LD9_Z','2020-06-25 03:13:33',1),(596,'ed99999','guBlFgpgeiYu_a_Fb1ri1pAFm@Gnsw-aUgmIbv','2020-06-25 03:22:07',1),(597,'ed99999','uD5cDbXHpt7y9aTbb1vhEpAF@rGnCktQ_Bfyjx','2020-06-25 03:25:34',1),(598,'ed99999','3Z@kcDSlE8OsOaJhb18bppAFNPGn38_39F9Phy','2020-06-25 03:29:09',1),(599,'ed99999','jj85nj!E9qYc6ahNb1UXGpAFwBGnBMc@nbCgQR','2020-06-25 03:30:24',1),(600,'ed99999','4K8XISuVA-@n3am7b1XL!pAFueGnedTr8YbE5g','2020-06-25 03:36:44',1),(601,'ed99999','8kZb78VnoV6lPauNb1BN5pAF6eGnKksQidh1UC','2020-06-25 03:38:01',1),(602,'ed99999','JWA!jqK03_kLAagkb1h!3pAFJ-GnyH!v2NgiGe','2020-06-25 03:39:42',1),(603,'ed99999','Nn6-KjNJsjeFCaLjb1tIspAF0mGnDWwTEJwTfa','2020-06-25 03:41:03',1),(604,'ed99999','gksG_FSOhhe0ja05b1euKpAF-_GnGqjqzXR_5t','2020-06-25 03:46:03',1),(605,'ed99999','e@_WR15dnQZ7Pa8Eb1@_ppAFiaGnh5Nvb!UC5t','2020-06-25 03:47:43',1),(606,'ed99999','91u-hsuKlY9doaAkb1U@GpAFJVGnptRaC41Bja','2020-06-25 03:48:55',1),(607,'ed99999','g2-6@9Hyvq0ctaAFb1OMdpAF0vGn1WTmE0owLa','2020-06-25 03:50:06',1),(608,'ed99999','Jl0AtvChsJP5!a9Mb1nyUpAFL6GnffiBSJtHkH','2020-06-25 03:51:20',1),(609,'ed99999','UDj_VRj8tv4hUaNab10o8pAF-gGnSa0ML-@V65','2020-06-25 03:54:00',1),(610,'ed99999','_OCSOndEdy9qtaXDb1wc5pAFtNGnw7VThkZZqh','2020-06-25 03:57:19',1),(611,'ed99999','UyGSW8FIb38BSa1db1puupAFkUGn8XRYnNundi','2020-06-25 04:00:11',1),(612,'ed99999','!S_Ly62KY2RBOaXHb1N4EpAFQnGn3eNA8gaio!','2020-06-25 04:03:17',1),(613,'ed99999','B@WlNBYROHwcxa8Vb1rW6pAFbEGn21pD-MXw0B','2020-06-25 04:05:29',1),(614,'admin','tpvJOGp-h7nCqaLNpC@5Y@DaXWpC@DqTWPu5gTZ4','2020-06-25 04:07:14',1),(615,'admin','ZOXz8cwS@5QSwaPypC_QW@DanlpC@D4_C7VxtW0w','2020-06-25 04:12:27',1),(616,'admin','@BESjSkpLY32VaB7pCKUD@DaG!pC@D_oLDDUWxPe','2020-06-25 04:14:20',1),(617,'admin','Xf_C@@xJdg6!PaFypCRP1@DaNOpC@D65rEqG5QRL','2020-06-25 04:18:47',1),(618,'ed99999','37p_1sXC1f1!saq7b13OrpAFHsGn9SjhKoGUPC','2020-07-18 01:37:16',1),(619,'admin','D3Ahfze5NgobSaN_pCBDw@DaBzpC@DL4ThTE!-7r','2020-07-18 01:37:38',1),(620,'ed99999','tT5d!T6sulNKHa8cb1oZfpAFpMGn6ZNVpTo9wp','2020-07-18 02:07:04',1),(621,'ed99999','8iynQKTKzzA5TacMb1oAipAFm!Gnuk-RqcgsD9','2020-07-18 02:16:16',1),(622,'asda','2RyHVqrNXjb2ba0@4pAAha4pnB-bi-vNeOpJ','2020-07-18 19:41:03',0),(623,'ed99999','er1OhGc9UDTUtazEb1pNypAFqpGnJZ42otFg0f','2020-07-18 19:41:10',1),(624,'ed99999','NYI-uinHw4DhSat_b12!bpAF17GnQkD6rTQ2uu','2020-07-19 17:48:02',1),(625,'ed99999','1b4eD_ZBGhl44aZRb1WGlpAFcIGnuyxeBVUeIl','2020-07-19 17:54:43',1),(626,'ed99999','-cHh07hsulJXjamab1ryZpAFXsGnLWBSFVUJ5F','2020-07-19 17:57:35',1),(627,'ed99999','mBTqPw3HUk!InaAqb1e9QpAFiYGnbJDTv5wxEx','2020-07-19 18:12:11',1),(628,'ed99999','6hlgLf1sm3IoEayab1m1mpAFqvGnFgneC@pYuQ','2020-07-19 18:15:13',1),(629,'ed99999','eQWKxEGATMmkja91b1@PTpAFXzGnH7IdBtYePf','2020-07-19 18:17:08',1),(630,'ed99999','2IDC_uGMGZ7BzaJqb1fSspAFdxGnW-LS9znzqN','2021-04-03 23:06:20',1),(633,'ed99999','my1!TfPFEZlEda0eb1ChRpAF!VGnBL0RzMux@w','2021-04-03 23:30:00',1),(634,'ed99999','CUIS3fFiQVraua1Ab1n8PpAF-bGnhNbbHdgZvH','2021-04-03 23:32:56',1),(635,'ed99999','7SgIZLOJ1TMkdaaVb1qv7pAFjHGnZ8H4T!V60H','2021-04-03 23:40:37',1);
/*!40000 ALTER TABLE `sistema_log_logins` ENABLE KEYS */;
UNLOCK TABLES;

--
-- Table structure for table `sistema_mensaje`
--

DROP TABLE IF EXISTS `sistema_mensaje`;
/*!40101 SET @saved_cs_client     = @@character_set_client */;
/*!50503 SET character_set_client = utf8mb4 */;
CREATE TABLE `sistema_mensaje` (
  `id` int NOT NULL AUTO_INCREMENT,
  `idModulo` int NOT NULL,
  `idUsuario` int DEFAULT NULL,
  `mensaje` varchar(105) COLLATE utf8mb4_general_ci DEFAULT NULL,
  `fecha` timestamp NULL DEFAULT CURRENT_TIMESTAMP,
  PRIMARY KEY (`id`),
  KEY `fk_idModulo_idx` (`idModulo`),
  CONSTRAINT `fk_mensaje_modulo` FOREIGN KEY (`idModulo`) REFERENCES `sistema_modulo` (`id`)
) ENGINE=InnoDB AUTO_INCREMENT=87 DEFAULT CHARSET=utf8mb4 COLLATE=utf8mb4_general_ci;
/*!40101 SET character_set_client = @saved_cs_client */;

--
-- Dumping data for table `sistema_mensaje`
--

LOCK TABLES `sistema_mensaje` WRITE;
/*!40000 ALTER TABLE `sistema_mensaje` DISABLE KEYS */;
INSERT INTO `sistema_mensaje` VALUES (1,1,NULL,'Se deshabilito al usuario PEPITO','2020-05-30 19:02:35'),(2,1,NULL,'Se deshabilito al usuario PEPITO','2020-05-30 19:05:21'),(3,1,NULL,'Se deshabilito al usuario PEPITO','2020-05-30 19:05:59'),(4,1,1,'Se deshabilito al usuario PEPITO','2020-05-30 19:07:14'),(5,1,1,'Se habilito al usuarioED99999','2020-05-30 19:36:52'),(6,1,1,'Se habilito al usuario ED99999','2020-05-30 19:37:21'),(7,1,1,'Se deshabilito al usuarioED99999','2020-05-30 19:46:58'),(8,1,1,'Se habilito al usuarioED99999','2020-05-30 19:47:01'),(9,1,1,'Se deshabilito al usuarioED99999','2020-05-30 19:49:26'),(10,1,1,'Se habilito al usuarioED99999','2020-05-30 19:52:52'),(11,1,1,'Se deshabilito al usuarioED99999','2020-05-30 20:10:50'),(12,1,1,'Se deshabilito al usuarioED99999','2020-05-30 20:12:58'),(13,1,1,'Se deshabilito al usuarioED99999','2020-05-30 20:14:38'),(14,1,1,'Se deshabilito al usuarioED99999','2020-05-30 20:17:04'),(15,1,1,'Se habilito al usuarioED99999','2020-05-30 20:17:20'),(16,1,1,'Se deshabilito al usuarioED99999','2020-05-30 20:19:41'),(17,1,1,'Se deshabilito al usuarioED99999','2020-05-30 20:24:09'),(18,1,1,'Se deshabilito al usuarioAM12345','2020-05-30 20:30:57'),(19,1,1,'Se deshabilito al usuarioED99999','2020-05-30 20:54:32'),(20,1,1,'Se deshabilito al usuarioPD00000','2020-05-30 21:04:37'),(21,1,1,'Se habilito al usuarioPD00000','2020-05-30 21:04:47'),(22,1,1,'Se deshabilito al usuarioAM12345','2020-06-03 21:10:09'),(23,1,1,'Se habilito al usuarioAM12345','2020-06-03 21:10:17'),(24,1,1,'Se deshabilito al usuarioPD00000','2020-06-03 21:12:50'),(25,1,1,'Se deshabilito al usuarioAM12345','2020-06-03 21:14:17'),(26,1,1,'Se habilito al usuarioAM12345','2020-06-03 21:14:28'),(27,1,1,'Se deshabilito al usuarioAM12345','2020-06-03 21:14:40'),(28,1,1,'Se habilito al usuarioAM12345','2020-06-03 21:14:41'),(29,1,1,'Se deshabilito al usuarioAM12345','2020-06-03 21:14:42'),(30,1,1,'Se habilito al usuarioPD00000','2020-06-03 21:14:52'),(31,1,1,'Se habilito al usuarioAM12345','2020-06-03 21:22:12'),(32,1,1,'Se deshabilito al usuarioPD00000','2020-06-03 21:24:27'),(33,1,1,'Se habilito al usuarioPD00000','2020-06-03 21:24:39'),(34,1,1,'Se deshabilito al usuarioPD00000','2020-06-03 21:24:42'),(35,1,1,'Se habilito al usuarioPD00000','2020-06-03 21:24:43'),(36,1,1,'Se deshabilito al usuarioPD00000','2020-06-03 21:24:43'),(37,1,1,'Se habilito al usuarioPD00000','2020-06-03 21:24:49'),(38,1,1,'Se deshabilito al usuarioPD00000','2020-06-03 21:24:56'),(39,1,1,'Se habilito al usuarioPD00000','2020-06-03 21:25:06'),(40,1,1,'Se deshabilito al usuarioPD00000','2020-06-03 21:25:17'),(41,1,1,'Se habilito al usuarioPD00000','2020-06-03 21:26:10'),(42,1,1,'Se deshabilito al usuarioAM12345','2020-06-03 21:33:05'),(43,1,1,'Se habilito al usuarioAM12345','2020-06-03 21:34:51'),(44,1,1,'Se deshabilito al usuarioPD00000','2020-06-03 21:34:55'),(45,1,1,'Se deshabilito al usuarioED99999','2020-06-03 21:34:58'),(46,1,1,'Se deshabilito al usuarioPD00000','2020-06-03 21:35:28'),(47,1,1,'Se deshabilito al usuarioAM12345','2020-06-03 21:37:07'),(48,1,1,'Se habilito al usuarioAM12345','2020-06-03 21:37:11'),(49,1,1,'Se habilito al usuarioPD00000','2020-06-03 21:37:43'),(50,1,1,'Se cerro la sesion del usuarioAM12345','2020-06-03 21:47:45'),(51,1,1,'Se cerro la sesion del usuarioAM12345','2020-06-03 21:50:14'),(52,1,1,'Se cerro la sesion del usuarioAM12345','2020-06-04 02:53:58'),(53,1,1,'Se deshabilito al usuarioPD00000','2020-06-04 04:29:28'),(54,1,1,'Se cerro la sesion del usuarioED99999','2020-06-04 04:29:52'),(55,1,1,'Se habilito al usuarioPD00000','2020-06-05 01:59:41'),(56,1,1,'Se deshabilito al usuarioPD00000','2020-06-05 01:59:44'),(57,3,1,'Se ha descargado 20200604_235656.csv','2020-06-05 02:56:56'),(58,3,1,'Se ha descargado logins_at_20200605_001946.csv','2020-06-05 03:19:46'),(59,3,1,'Se ha descargado logins_at_20200605_001958.csv','2020-06-05 03:19:58'),(60,3,1,'Se ha descargado logins_at_20200606_011822.csv','2020-06-06 04:18:22'),(61,1,999,'Se deshabilito al usuarioAM12345','2020-06-07 21:47:23'),(62,1,999,'Se cerro la sesion del usuarioED99999','2020-06-07 21:47:54'),(63,1,1,'Se cerro la sesion del usuarioADMIN','2020-06-08 01:52:15'),(64,1,999,'Se cerro la sesion del usuarioED99999','2020-06-08 22:28:50'),(65,1,999,'Se cerro la sesion del usuarioED99999','2020-06-08 22:29:30'),(66,1,999,'Se cerro la sesion del usuarioED99999','2020-06-08 22:29:36'),(67,1,1,'Se cerro la sesion del usuarioED99999','2020-06-08 22:32:21'),(68,1,1,'Se deshabilito al usuarioED99999','2020-06-11 21:49:35'),(69,1,999,'Se habilito al usuarioED99999','2020-06-11 21:49:47'),(70,1,1,'Se deshabilito al usuarioAM12345','2020-06-12 21:30:27'),(71,1,1,'Se deshabilito al usuarioPD00000','2020-06-12 21:30:29'),(72,1,1,'Se habilito al usuarioPD00000','2020-06-12 21:30:32'),(73,1,1,'Se habilito al usuarioAM12345','2020-06-12 21:30:34'),(74,1,1,'Se cerro la sesion del usuarioAM12345','2020-06-15 18:56:19'),(75,1,1,'Se deshabilito al usuarioAM12345','2020-06-15 18:56:45'),(76,1,3,'Se habilito al usuarioAM12345','2020-06-15 20:22:48'),(77,3,999,'Se ha descargado logins_at_20200615_231436.csv','2020-06-16 02:14:36'),(78,1,999,'Se cerro la sesion del usuarioED99999','2020-06-24 23:24:27'),(79,1,999,'Se cerro la sesion del usuarioED99999','2020-06-24 23:26:38'),(80,1,1,'Se cerro la sesion del usuarioADMIN','2020-06-24 23:27:10'),(81,1,999,'Se cerro la sesion del usuarioED99999','2020-06-24 23:28:44'),(82,1,999,'Se cerro la sesion del usuarioED99999','2020-06-24 23:31:37'),(83,1,1,'Se cerro la sesion del usuarioADMIN','2020-06-24 23:33:55'),(84,1,1,'Se cerro la sesion del usuarioADMIN','2020-06-24 23:38:32'),(85,1,999,'Se cerro la sesion del usuarioED99999','2020-07-18 01:39:18'),(86,3,1,'Se ha descargado logins_at_20200719_145748.csv','2020-07-19 17:57:48');
/*!40000 ALTER TABLE `sistema_mensaje` ENABLE KEYS */;
UNLOCK TABLES;

--
-- Table structure for table `sistema_modulo`
--

DROP TABLE IF EXISTS `sistema_modulo`;
/*!40101 SET @saved_cs_client     = @@character_set_client */;
/*!50503 SET character_set_client = utf8mb4 */;
CREATE TABLE `sistema_modulo` (
  `id` int NOT NULL,
  `codigo` varchar(15) COLLATE utf8mb4_general_ci NOT NULL,
  `nombre` varchar(45) COLLATE utf8mb4_general_ci DEFAULT NULL,
  `desc` varchar(105) COLLATE utf8mb4_general_ci DEFAULT NULL,
  PRIMARY KEY (`id`)
) ENGINE=InnoDB DEFAULT CHARSET=utf8mb4 COLLATE=utf8mb4_general_ci;
/*!40101 SET character_set_client = @saved_cs_client */;

--
-- Dumping data for table `sistema_modulo`
--

LOCK TABLES `sistema_modulo` WRITE;
/*!40000 ALTER TABLE `sistema_modulo` DISABLE KEYS */;
INSERT INTO `sistema_modulo` VALUES (1,'LOGIN','Login','Logueo de empleados'),(2,'CONFIG','Configuraciones','Configuraciones del Sistema'),(3,'CSV','GenerateCSV','Generacion y Descargas de CSV');
/*!40000 ALTER TABLE `sistema_modulo` ENABLE KEYS */;
UNLOCK TABLES;

--
-- Table structure for table `sistema_notificacion`
--

DROP TABLE IF EXISTS `sistema_notificacion`;
/*!40101 SET @saved_cs_client     = @@character_set_client */;
/*!50503 SET character_set_client = utf8mb4 */;
CREATE TABLE `sistema_notificacion` (
  `id` bigint NOT NULL AUTO_INCREMENT,
  `idCategoria` int NOT NULL,
  `idEmpleado` int DEFAULT NULL,
  `prioridad` int DEFAULT '1',
  `texto` varchar(305) COLLATE utf8mb4_general_ci DEFAULT NULL,
  `link` varchar(45) COLLATE utf8mb4_general_ci DEFAULT NULL,
  `fechaCreacion` timestamp NULL DEFAULT CURRENT_TIMESTAMP,
  PRIMARY KEY (`id`),
  KEY `id_notificacion_notificacionCategoria` (`idCategoria`),
  KEY `id_notificacion_empleado_idx` (`idEmpleado`),
  CONSTRAINT `id_notificacion_empleado` FOREIGN KEY (`idEmpleado`) REFERENCES `persona_empleado` (`id`),
  CONSTRAINT `id_notificacion_notificacionCategoria` FOREIGN KEY (`idCategoria`) REFERENCES `sistema_notificacion_categoria` (`id`)
) ENGINE=InnoDB AUTO_INCREMENT=123 DEFAULT CHARSET=utf8mb4 COLLATE=utf8mb4_general_ci;
/*!40101 SET character_set_client = @saved_cs_client */;

--
-- Dumping data for table `sistema_notificacion`
--

LOCK TABLES `sistema_notificacion` WRITE;
/*!40000 ALTER TABLE `sistema_notificacion` DISABLE KEYS */;
INSERT INTO `sistema_notificacion` VALUES (26,6,1,3,'Excepcion ocurrida al intentar actualizar a : AM12345.',NULL,'2020-06-15 19:10:57'),(27,4,1,2,'Error 404 - 404error',NULL,'2020-06-18 23:03:46'),(28,5,1,2,'Error 404 - 404error',NULL,'2020-06-18 23:04:22'),(29,4,1,1,'Ocurrio un error 404!',NULL,'2021-04-03 23:06:20'),(30,4,1,1,'Ocurrio un error 404!',NULL,'2021-04-03 23:06:20'),(31,4,1,1,'Ocurrio un error 404!',NULL,'2021-04-03 23:06:25'),(32,4,1,1,'Ocurrio un error 404!',NULL,'2021-04-03 23:06:25'),(33,4,1,1,'Ocurrio un error 404!',NULL,'2021-04-03 23:06:36'),(34,4,1,1,'Ocurrio un error 404!',NULL,'2021-04-03 23:08:16'),(35,4,1,1,'Ocurrio un error 404!',NULL,'2021-04-03 23:08:20'),(36,4,1,1,'Ocurrio un error 404!',NULL,'2021-04-03 23:08:26'),(37,4,1,1,'Ocurrio un error 404!',NULL,'2021-04-03 23:08:26'),(38,4,1,1,'Ocurrio un error 404!',NULL,'2021-04-03 23:08:37'),(39,4,1,1,'Ocurrio un error 404!',NULL,'2021-04-03 23:08:46'),(40,4,1,1,'Ocurrio un error 404!',NULL,'2021-04-03 23:08:46'),(41,4,1,1,'Ocurrio un error 404!',NULL,'2021-04-03 23:08:48'),(42,4,1,1,'Ocurrio un error 404!',NULL,'2021-04-03 23:09:03'),(43,4,1,1,'Ocurrio un error 404!',NULL,'2021-04-03 23:09:07'),(44,4,1,1,'Ocurrio un error 404!',NULL,'2021-04-03 23:09:15'),(45,4,1,1,'Ocurrio un error 404!',NULL,'2021-04-03 23:09:15'),(46,4,1,1,'Ocurrio un error 404!',NULL,'2021-04-03 23:09:17'),(47,4,1,1,'Ocurrio un error 404!',NULL,'2021-04-03 23:09:31'),(48,4,1,1,'Ocurrio un error 404!',NULL,'2021-04-03 23:09:44'),(49,4,1,1,'Ocurrio un error 404!',NULL,'2021-04-03 23:09:44'),(50,4,1,1,'Ocurrio un error 404!',NULL,'2021-04-03 23:09:46'),(51,4,1,1,'Ocurrio un error 404!',NULL,'2021-04-03 23:12:01'),(52,4,1,1,'Ocurrio un error 404!',NULL,'2021-04-03 23:12:04'),(53,4,1,1,'Ocurrio un error 404!',NULL,'2021-04-03 23:12:04'),(54,4,1,1,'Ocurrio un error 404!',NULL,'2021-04-03 23:16:31'),(55,4,1,1,'Ocurrio un error 404!',NULL,'2021-04-03 23:16:31'),(56,4,1,1,'Ocurrio un error 404!',NULL,'2021-04-03 23:17:59'),(57,4,1,1,'Ocurrio un error 404!',NULL,'2021-04-03 23:18:03'),(58,4,1,1,'Ocurrio un error 404!',NULL,'2021-04-03 23:18:05'),(103,4,1,1,'Ocurrio un error 404!',NULL,'2021-04-03 23:30:00'),(104,4,1,1,'Ocurrio un error 404!',NULL,'2021-04-03 23:30:00'),(105,4,1,1,'Ocurrio un error 404!',NULL,'2021-04-03 23:30:01'),(106,4,1,1,'Ocurrio un error 404!',NULL,'2021-04-03 23:30:07'),(107,4,1,1,'Ocurrio un error 404!',NULL,'2021-04-03 23:30:31'),(108,4,1,1,'Ocurrio un error 404!',NULL,'2021-04-03 23:30:45'),(109,4,1,1,'Ocurrio un error 404!',NULL,'2021-04-03 23:31:05'),(110,4,1,1,'Ocurrio un error 404!',NULL,'2021-04-03 23:31:09'),(111,4,1,1,'Ocurrio un error 404!',NULL,'2021-04-03 23:31:26'),(112,4,1,1,'Ocurrio un error 404!',NULL,'2021-04-03 23:32:57'),(113,4,1,1,'Ocurrio un error 404!',NULL,'2021-04-03 23:32:57'),(114,4,1,1,'Ocurrio un error 404!',NULL,'2021-04-03 23:33:38'),(115,4,1,1,'Ocurrio un error 404!',NULL,'2021-04-03 23:33:41'),(116,4,1,1,'Ocurrio un error 404!',NULL,'2021-04-03 23:40:38'),(117,4,1,1,'Ocurrio un error 404!',NULL,'2021-04-03 23:40:38'),(118,4,1,1,'Ocurrio un error 404!',NULL,'2021-04-03 23:40:38'),(119,4,1,1,'Ocurrio un error 404!',NULL,'2021-04-03 23:44:46'),(120,4,1,1,'Ocurrio un error 404!',NULL,'2021-04-03 23:44:46'),(121,4,1,1,'Ocurrio un error 404!',NULL,'2021-04-03 23:44:52'),(122,4,1,1,'Ocurrio un error 404!',NULL,'2021-04-03 23:44:52');
/*!40000 ALTER TABLE `sistema_notificacion` ENABLE KEYS */;
UNLOCK TABLES;

--
-- Table structure for table `sistema_notificacion_categoria`
--

DROP TABLE IF EXISTS `sistema_notificacion_categoria`;
/*!40101 SET @saved_cs_client     = @@character_set_client */;
/*!50503 SET character_set_client = utf8mb4 */;
CREATE TABLE `sistema_notificacion_categoria` (
  `id` int NOT NULL,
  `codigo` varchar(10) COLLATE utf8mb4_general_ci NOT NULL,
  `nombre` varchar(45) COLLATE utf8mb4_general_ci DEFAULT NULL,
  `desc` varchar(105) COLLATE utf8mb4_general_ci DEFAULT NULL,
  PRIMARY KEY (`id`),
  UNIQUE KEY `codigo_UNIQUE` (`codigo`)
) ENGINE=InnoDB DEFAULT CHARSET=utf8mb4 COLLATE=utf8mb4_general_ci;
/*!40101 SET character_set_client = @saved_cs_client */;

--
-- Dumping data for table `sistema_notificacion_categoria`
--

LOCK TABLES `sistema_notificacion_categoria` WRITE;
/*!40000 ALTER TABLE `sistema_notificacion_categoria` DISABLE KEYS */;
INSERT INTO `sistema_notificacion_categoria` VALUES (1,'BUS','Bloqueo de Usuario','Notificacion por bloqueo de usuarios'),(2,'AUS','Alta de Usuario','Notificacion por creacion de usuario'),(3,'ANP','Accion No Permitida','Intento de Accion No Permitida'),(4,'404','Error 404','Ocurrencia error 404'),(5,'EXC','Excepcion en src.Controladores','Ocurrio una excepcion en src.Controladores'),(6,'EAU','Excepcion ABM Usuarios','Ocurrio una excepcion al momento de actualizar los datos de un usuario');
/*!40000 ALTER TABLE `sistema_notificacion_categoria` ENABLE KEYS */;
UNLOCK TABLES;

--
-- Table structure for table `sistema_notificacion_persona`
--

DROP TABLE IF EXISTS `sistema_notificacion_persona`;
/*!40101 SET @saved_cs_client     = @@character_set_client */;
/*!50503 SET character_set_client = utf8mb4 */;
CREATE TABLE `sistema_notificacion_persona` (
  `id` bigint NOT NULL AUTO_INCREMENT,
  `idEmpleado` int NOT NULL,
  `idNotificacion` int NOT NULL,
  `estado` int NOT NULL DEFAULT '0',
  PRIMARY KEY (`id`)
) ENGINE=InnoDB AUTO_INCREMENT=699 DEFAULT CHARSET=utf8mb4 COLLATE=utf8mb4_general_ci;
/*!40101 SET character_set_client = @saved_cs_client */;

--
-- Dumping data for table `sistema_notificacion_persona`
--

LOCK TABLES `sistema_notificacion_persona` WRITE;
/*!40000 ALTER TABLE `sistema_notificacion_persona` DISABLE KEYS */;
INSERT INTO `sistema_notificacion_persona` VALUES (410,1,27,0),(411,999,27,0),(412,1,28,0),(413,999,28,0),(414,1,26,0),(415,999,26,0),(416,2,26,0),(417,3,26,0),(418,1,29,0),(419,999,29,0),(421,1,30,0),(422,999,30,0),(424,1,31,0),(425,999,31,0),(427,1,32,0),(428,999,32,0),(430,1,33,0),(431,999,33,0),(433,1,34,0),(434,999,34,0),(436,1,35,0),(437,999,35,0),(439,1,36,0),(440,999,36,0),(442,1,37,0),(443,999,37,0),(445,1,38,0),(446,999,38,0),(448,1,39,0),(449,999,39,0),(451,1,40,0),(452,999,40,0),(454,1,41,0),(455,999,41,0),(457,1,42,0),(458,999,42,0),(460,1,43,0),(461,999,43,0),(463,1,44,0),(464,999,44,0),(466,1,45,0),(467,999,45,0),(469,1,46,0),(470,999,46,0),(472,1,47,0),(473,999,47,0),(475,1,48,0),(476,999,48,0),(478,1,49,0),(479,999,49,0),(481,1,50,0),(482,999,50,0),(484,1,51,0),(485,999,51,0),(487,1,52,0),(488,999,52,0),(490,1,53,0),(491,999,53,0),(493,1,54,0),(494,999,54,0),(496,1,55,0),(497,999,55,0),(499,1,56,0),(500,999,56,0),(502,1,57,0),(503,999,57,0),(505,1,58,0),(506,999,58,0),(640,1,103,0),(641,999,103,0),(643,1,104,0),(644,999,104,0),(646,1,105,0),(647,999,105,0),(649,1,106,0),(650,999,106,0),(652,1,107,0),(653,999,107,0),(655,1,108,0),(656,999,108,0),(658,1,109,0),(659,999,109,0),(661,1,110,0),(662,999,110,0),(664,1,111,0),(665,999,111,0),(667,1,112,0),(668,999,112,0),(670,1,113,0),(671,999,113,0),(673,1,114,0),(674,999,114,0),(676,1,115,0),(677,999,115,0),(678,1,116,0),(679,999,116,0),(681,1,117,0),(682,999,117,0),(684,1,118,0),(685,999,118,0),(687,1,119,0),(688,999,119,0),(690,1,120,0),(691,999,120,0),(693,1,121,0),(694,999,121,0),(696,1,122,0),(697,999,122,0);
/*!40000 ALTER TABLE `sistema_notificacion_persona` ENABLE KEYS */;
UNLOCK TABLES;

--
-- Table structure for table `sistema_perfil_accion`
--

DROP TABLE IF EXISTS `sistema_perfil_accion`;
/*!40101 SET @saved_cs_client     = @@character_set_client */;
/*!50503 SET character_set_client = utf8mb4 */;
CREATE TABLE `sistema_perfil_accion` (
  `id` int NOT NULL AUTO_INCREMENT,
  `idPerfil` int NOT NULL,
  `idAccion` int NOT NULL,
  PRIMARY KEY (`id`),
  KEY `fk_id_perfil_idx` (`idPerfil`),
  KEY `fk_id_accion_idx` (`idAccion`),
  CONSTRAINT `fk_id_accion` FOREIGN KEY (`idAccion`) REFERENCES `sistema_accion` (`id`),
  CONSTRAINT `fk_id_perfil` FOREIGN KEY (`idPerfil`) REFERENCES `persona_perfil` (`id`)
) ENGINE=InnoDB AUTO_INCREMENT=6 DEFAULT CHARSET=utf8mb4 COLLATE=utf8mb4_general_ci;
/*!40101 SET character_set_client = @saved_cs_client */;

--
-- Dumping data for table `sistema_perfil_accion`
--

LOCK TABLES `sistema_perfil_accion` WRITE;
/*!40000 ALTER TABLE `sistema_perfil_accion` DISABLE KEYS */;
INSERT INTO `sistema_perfil_accion` VALUES (1,1,1),(2,1,2),(3,1,3),(4,1,4),(5,1,5);
/*!40000 ALTER TABLE `sistema_perfil_accion` ENABLE KEYS */;
UNLOCK TABLES;

--
-- Table structure for table `sistema_perfil_boton`
--

DROP TABLE IF EXISTS `sistema_perfil_boton`;
/*!40101 SET @saved_cs_client     = @@character_set_client */;
/*!50503 SET character_set_client = utf8mb4 */;
CREATE TABLE `sistema_perfil_boton` (
  `id` int NOT NULL AUTO_INCREMENT,
  `idPerfil` int NOT NULL,
  `idBoton` int NOT NULL,
  PRIMARY KEY (`id`),
  KEY `fk_id_perfil_idx` (`idPerfil`),
  KEY `fk_id_empleado_idx` (`idBoton`),
  CONSTRAINT `fk_id_boton` FOREIGN KEY (`idBoton`) REFERENCES `sistema_boton` (`id`),
  CONSTRAINT `fk_idPerfil` FOREIGN KEY (`idPerfil`) REFERENCES `persona_perfil` (`id`)
) ENGINE=InnoDB AUTO_INCREMENT=50 DEFAULT CHARSET=utf8mb4 COLLATE=utf8mb4_general_ci;
/*!40101 SET character_set_client = @saved_cs_client */;

--
-- Dumping data for table `sistema_perfil_boton`
--

LOCK TABLES `sistema_perfil_boton` WRITE;
/*!40000 ALTER TABLE `sistema_perfil_boton` DISABLE KEYS */;
INSERT INTO `sistema_perfil_boton` VALUES (1,1,1),(2,1,2),(3,1,3),(4,1,4),(5,1,5),(6,1,6),(7,1,7),(8,1,8),(9,1,9),(10,1,10),(11,1,11),(12,1,12),(13,1,13),(14,1,14),(15,1,22),(16,1,21),(17,1,15),(18,1,16),(19,1,17),(20,1,18),(21,1,19),(22,1,20),(24,1,23),(25,1,24),(26,1,25),(27,1,26),(28,1,27),(29,1,28),(30,2,6),(31,2,7),(32,2,8),(33,2,8),(34,2,19),(35,2,20),(36,2,21),(37,2,22),(38,2,1),(39,2,2),(40,2,23),(41,1,29),(42,1,30),(43,2,30),(44,1,31),(45,2,31),(46,1,32),(47,1,33),(49,2,28);
/*!40000 ALTER TABLE `sistema_perfil_boton` ENABLE KEYS */;
UNLOCK TABLES;

--
-- Table structure for table `sistema_personaPerfil_notificacionCategoria`
--

DROP TABLE IF EXISTS `sistema_personaPerfil_notificacionCategoria`;
/*!40101 SET @saved_cs_client     = @@character_set_client */;
/*!50503 SET character_set_client = utf8mb4 */;
CREATE TABLE `sistema_personaPerfil_notificacionCategoria` (
  `id` int NOT NULL AUTO_INCREMENT,
  `idNotificacionCategoria` int NOT NULL,
  `idPersonaPerfil` int NOT NULL,
  PRIMARY KEY (`id`),
  KEY `id_xxx_personaPerfil_idx` (`idPersonaPerfil`),
  KEY `id_xxx_notificacionCategoria_idx` (`idNotificacionCategoria`),
  CONSTRAINT `id_xxx_notificacionCategoria` FOREIGN KEY (`idNotificacionCategoria`) REFERENCES `sistema_notificacion_categoria` (`id`),
  CONSTRAINT `id_xxx_personaPerfil` FOREIGN KEY (`idPersonaPerfil`) REFERENCES `persona_perfil` (`id`)
) ENGINE=InnoDB AUTO_INCREMENT=12 DEFAULT CHARSET=utf8mb4 COLLATE=utf8mb4_general_ci;
/*!40101 SET character_set_client = @saved_cs_client */;

--
-- Dumping data for table `sistema_personaPerfil_notificacionCategoria`
--

LOCK TABLES `sistema_personaPerfil_notificacionCategoria` WRITE;
/*!40000 ALTER TABLE `sistema_personaPerfil_notificacionCategoria` DISABLE KEYS */;
INSERT INTO `sistema_personaPerfil_notificacionCategoria` VALUES (5,1,1),(6,1,2),(7,2,1),(8,4,1),(9,5,1),(10,6,1),(11,6,2);
/*!40000 ALTER TABLE `sistema_personaPerfil_notificacionCategoria` ENABLE KEYS */;
UNLOCK TABLES;

--
-- Table structure for table `sistema_sesion`
--

DROP TABLE IF EXISTS `sistema_sesion`;
/*!40101 SET @saved_cs_client     = @@character_set_client */;
/*!50503 SET character_set_client = utf8mb4 */;
CREATE TABLE `sistema_sesion` (
  `id` int NOT NULL AUTO_INCREMENT,
  `idEmpleado` int NOT NULL,
  `fechaDesde` timestamp NULL DEFAULT CURRENT_TIMESTAMP,
  `fechaHasta` timestamp NULL DEFAULT NULL,
  `estaAbierta` tinyint NOT NULL DEFAULT '1',
  PRIMARY KEY (`id`),
  KEY `fk_id_empleado_idx` (`idEmpleado`),
  CONSTRAINT `fk_sesion_empleado` FOREIGN KEY (`idEmpleado`) REFERENCES `persona_empleado` (`id`)
) ENGINE=InnoDB AUTO_INCREMENT=581 DEFAULT CHARSET=utf8mb4 COLLATE=utf8mb4_general_ci;
/*!40101 SET character_set_client = @saved_cs_client */;

--
-- Dumping data for table `sistema_sesion`
--

LOCK TABLES `sistema_sesion` WRITE;
/*!40000 ALTER TABLE `sistema_sesion` DISABLE KEYS */;
INSERT INTO `sistema_sesion` VALUES (1,1,'2020-05-26 00:43:12','2020-05-30 02:31:40',1),(2,1,'2020-05-26 01:13:54','2020-05-30 02:31:40',1),(3,1,'2020-05-26 01:25:22','2020-05-30 02:31:40',1),(4,1,'2020-05-29 00:55:13','2020-05-30 02:31:40',1),(5,1,'2020-05-29 01:02:37','2020-05-30 02:31:40',1),(6,1,'2020-05-29 01:04:21','2020-05-30 02:31:40',1),(7,1,'2020-05-29 01:05:56','2020-05-30 02:31:40',1),(8,1,'2020-05-29 01:06:03','2020-05-30 02:31:40',1),(9,1,'2020-05-29 01:06:40','2020-05-30 02:31:40',1),(10,1,'2020-05-29 01:09:21','2020-05-30 02:31:40',1),(11,1,'2020-05-29 01:10:57','2020-05-30 02:31:40',1),(12,1,'2020-05-29 01:11:36','2020-05-30 02:31:40',1),(13,1,'2020-05-29 01:20:05','2020-05-30 02:31:40',1),(14,1,'2020-05-29 01:22:27','2020-05-30 02:31:40',1),(15,1,'2020-05-29 01:25:56','2020-05-30 02:31:40',1),(16,1,'2020-05-29 01:27:18','2020-05-30 02:31:40',1),(17,1,'2020-05-29 23:03:20','2020-05-30 02:31:40',1),(18,1,'2020-05-30 01:41:25','2020-05-30 02:31:40',1),(19,1,'2020-05-30 02:13:44','2020-05-30 02:31:40',1),(20,1,'2020-05-30 02:19:25','2020-05-30 02:31:40',1),(21,1,'2020-05-30 02:31:37','2020-05-30 02:31:40',1),(22,1,'2020-05-30 02:35:04','2020-05-30 02:57:33',1),(23,1,'2020-05-30 03:01:41','2020-05-30 03:03:00',1),(24,1,'2020-05-30 03:03:06','2020-05-30 03:41:00',1),(25,1,'2020-05-30 03:05:51','2020-05-30 03:41:00',1),(26,1,'2020-05-30 03:06:56','2020-05-30 03:41:00',1),(27,1,'2020-05-30 03:07:30','2020-05-30 03:41:00',1),(28,1,'2020-05-30 03:17:17','2020-05-30 03:41:00',1),(29,1,'2020-05-30 03:17:25','2020-05-30 03:41:00',1),(30,1,'2020-05-30 03:19:44','2020-05-30 03:41:00',1),(31,1,'2020-05-30 03:22:03','2020-05-30 03:41:00',1),(32,1,'2020-05-30 03:22:13','2020-05-30 03:41:00',1),(33,1,'2020-05-30 03:23:08','2020-05-30 03:41:00',1),(34,1,'2020-05-30 03:23:16','2020-05-30 03:41:00',1),(35,1,'2020-05-30 03:40:38','2020-05-30 03:41:00',1),(36,1,'2020-05-30 03:40:45','2020-05-30 03:41:00',1),(37,1,'2020-05-30 03:41:06','2020-05-30 03:41:37',1),(38,1,'2020-05-30 03:41:13','2020-05-30 03:41:37',1),(39,1,'2020-05-30 03:41:56','2020-05-30 03:42:36',1),(40,1,'2020-05-30 03:47:48','2020-05-30 03:48:29',1),(41,1,'2020-05-30 03:48:34','2020-05-30 03:48:40',1),(42,1,'2020-05-30 03:48:49','2020-05-30 03:49:03',1),(43,1,'2020-05-30 03:49:07','2020-05-30 03:51:17',1),(44,1,'2020-05-30 03:51:37','2020-05-30 03:53:05',1),(45,1,'2020-05-30 03:53:10','2020-05-30 03:53:45',1),(46,1,'2020-05-30 03:53:48','2020-05-30 03:57:25',1),(47,1,'2020-05-30 03:57:28','2020-05-30 16:04:54',1),(48,1,'2020-05-30 03:59:07','2020-05-30 16:04:54',1),(49,1,'2020-05-30 04:01:30','2020-05-30 16:04:54',1),(50,1,'2020-05-30 14:27:21','2020-05-30 16:04:54',1),(51,1,'2020-05-30 14:30:06','2020-05-30 16:04:54',1),(52,1,'2020-05-30 15:01:37','2020-05-30 16:04:54',1),(53,1,'2020-05-30 15:06:24','2020-05-30 16:04:54',1),(54,1,'2020-05-30 15:08:03','2020-05-30 16:04:54',1),(55,1,'2020-05-30 15:08:30','2020-05-30 16:04:54',1),(56,1,'2020-05-30 15:09:58','2020-05-30 16:04:54',1),(57,1,'2020-05-30 15:14:49','2020-05-30 16:04:54',1),(58,1,'2020-05-30 15:16:58','2020-05-30 16:04:54',1),(59,1,'2020-05-30 15:19:22','2020-05-30 16:04:54',1),(60,1,'2020-05-30 15:19:32','2020-05-30 16:04:54',1),(61,1,'2020-05-30 15:34:12','2020-05-30 16:04:54',1),(62,1,'2020-05-30 15:34:42','2020-05-30 16:04:54',1),(63,1,'2020-05-30 15:47:19','2020-05-30 16:04:54',1),(64,1,'2020-05-30 16:01:09','2020-05-30 16:04:54',1),(65,1,'2020-05-30 16:02:44','2020-05-30 16:04:54',1),(66,1,'2020-05-30 16:05:47','2020-05-30 20:24:09',1),(67,1,'2020-05-30 16:07:34','2020-05-30 20:24:09',1),(68,1,'2020-05-30 16:08:57','2020-05-30 20:24:09',1),(69,1,'2020-05-30 16:14:24','2020-05-30 20:24:09',1),(70,1,'2020-05-30 16:15:06','2020-05-30 20:24:09',1),(71,1,'2020-05-30 16:25:40','2020-05-30 20:24:09',1),(72,1,'2020-05-30 16:54:50','2020-05-30 20:24:09',1),(73,1,'2020-05-30 16:56:57','2020-05-30 20:24:09',1),(74,1,'2020-05-30 17:22:18','2020-05-30 20:24:09',1),(75,1,'2020-05-30 17:23:23','2020-05-30 20:24:09',1),(76,1,'2020-05-30 17:26:25','2020-05-30 20:24:09',1),(77,1,'2020-05-30 17:28:06','2020-05-30 20:24:09',1),(78,1,'2020-05-30 17:42:48','2020-05-30 20:24:09',1),(79,1,'2020-05-30 19:39:31','2020-05-30 20:24:09',1),(80,1,'2020-05-30 19:42:46','2020-05-30 20:24:09',1),(81,1,'2020-05-30 19:46:35','2020-05-30 20:24:09',1),(82,1,'2020-05-30 19:47:42','2020-05-30 20:24:09',1),(83,1,'2020-05-30 19:48:50','2020-05-30 20:24:09',1),(84,1,'2020-05-30 19:49:20','2020-05-30 20:24:09',1),(85,1,'2020-05-30 19:57:52','2020-05-30 20:24:09',1),(86,1,'2020-05-30 20:06:40','2020-05-30 20:24:09',1),(87,1,'2020-05-30 20:07:44','2020-05-30 20:24:09',1),(88,1,'2020-05-30 20:08:56','2020-05-30 20:24:09',1),(89,1,'2020-05-30 20:10:42','2020-05-30 20:24:09',1),(90,1,'2020-05-30 20:12:40','2020-05-30 20:24:09',1),(91,1,'2020-05-30 20:14:33','2020-05-30 20:24:09',1),(92,1,'2020-05-30 20:16:48','2020-05-30 20:24:09',1),(93,1,'2020-05-30 20:19:36','2020-05-30 20:24:09',1),(94,1,'2020-05-30 20:24:02','2020-05-30 20:24:09',1),(95,2,'2020-05-30 20:29:45','2020-05-30 20:30:57',1),(96,1,'2020-05-30 20:30:50','2020-05-30 20:54:32',1),(97,1,'2020-05-30 20:32:35','2020-05-30 20:54:32',1),(98,1,'2020-05-30 20:50:28','2020-05-30 20:54:32',1),(99,2,'2020-05-30 20:55:09','2020-06-03 21:10:09',1),(100,1,'2020-05-30 21:02:45','2020-05-30 21:04:49',1),(101,3,'2020-05-30 21:04:55','2020-05-30 21:07:01',1),(102,1,'2020-05-30 21:07:06','2020-05-30 21:07:22',1),(103,1,'2020-05-30 21:12:25','2020-06-03 21:34:58',1),(104,1,'2020-05-30 21:14:06','2020-06-03 21:34:58',1),(105,1,'2020-05-30 21:15:17','2020-06-03 21:34:58',1),(106,1,'2020-05-30 21:17:05','2020-06-03 21:34:58',1),(107,1,'2020-05-30 21:27:28','2020-06-03 21:34:58',1),(108,1,'2020-05-30 21:45:30','2020-06-03 21:34:58',1),(109,1,'2020-05-30 21:47:27','2020-06-03 21:34:58',1),(110,1,'2020-05-30 21:51:23','2020-06-03 21:34:58',1),(111,1,'2020-05-31 03:15:05','2020-06-03 21:34:58',1),(112,1,'2020-05-31 16:08:00','2020-06-03 21:34:58',1),(113,1,'2020-05-31 16:29:25','2020-06-03 21:34:58',1),(114,1,'2020-05-31 16:29:57','2020-06-03 21:34:58',1),(115,1,'2020-05-31 16:32:54','2020-06-03 21:34:58',1),(116,1,'2020-05-31 16:34:51','2020-06-03 21:34:58',1),(117,1,'2020-05-31 16:37:25','2020-06-03 21:34:58',1),(118,1,'2020-05-31 16:45:20','2020-06-03 21:34:58',1),(119,1,'2020-06-03 21:09:00','2020-06-03 21:34:58',1),(120,1,'2020-06-03 21:14:10','2020-06-03 21:34:58',1),(121,1,'2020-06-03 21:22:02','2020-06-03 21:34:58',1),(122,1,'2020-06-03 21:32:42','2020-06-03 21:34:58',1),(123,1,'2020-06-03 21:34:42','2020-06-03 21:34:58',1),(124,1,'2020-06-03 21:35:21','2020-06-03 21:49:38',1),(125,2,'2020-06-03 21:35:37','2020-06-03 21:37:07',1),(126,1,'2020-06-03 21:37:34','2020-06-03 21:49:38',1),(127,2,'2020-06-03 21:37:51','2020-06-03 21:47:45',1),(128,2,'2020-06-03 21:46:09','2020-06-03 21:47:45',1),(129,1,'2020-06-03 21:46:15','2020-06-03 21:49:38',1),(130,2,'2020-06-03 21:47:25','2020-06-03 21:47:45',1),(131,1,'2020-06-03 21:47:35','2020-06-03 21:49:38',1),(132,1,'2020-06-03 21:48:00','2020-06-03 21:49:38',1),(133,2,'2020-06-03 21:49:43','2020-06-03 21:50:14',1),(134,1,'2020-06-03 21:49:54','2020-06-04 04:29:52',1),(135,1,'2020-06-04 00:51:53','2020-06-04 04:29:52',1),(136,1,'2020-06-04 01:17:03','2020-06-04 04:29:52',1),(137,1,'2020-06-04 01:19:49','2020-06-04 04:29:52',1),(138,1,'2020-06-04 01:30:43','2020-06-04 04:29:52',1),(139,1,'2020-06-04 01:33:33','2020-06-04 04:29:52',1),(140,1,'2020-06-04 01:34:56','2020-06-04 04:29:52',1),(141,1,'2020-06-04 01:40:59','2020-06-04 04:29:52',1),(142,1,'2020-06-04 02:16:58','2020-06-04 04:29:52',1),(143,1,'2020-06-04 02:19:08','2020-06-04 04:29:52',1),(144,1,'2020-06-04 02:22:24','2020-06-04 04:29:52',1),(145,1,'2020-06-04 02:32:43','2020-06-04 04:29:52',1),(146,1,'2020-06-04 02:33:20','2020-06-04 04:29:52',1),(147,1,'2020-06-04 02:43:47','2020-06-04 04:29:52',1),(148,1,'2020-06-04 02:46:53','2020-06-04 04:29:52',1),(149,1,'2020-06-04 02:48:41','2020-06-04 04:29:52',1),(150,2,'2020-06-04 02:53:20','2020-06-04 02:53:58',1),(151,1,'2020-06-04 04:28:29','2020-06-04 04:29:52',1),(152,1,'2020-06-04 22:25:35','2020-06-04 22:44:12',1),(153,1,'2020-06-04 22:31:50','2020-06-04 22:44:12',1),(154,1,'2020-06-04 22:33:45','2020-06-04 22:44:12',1),(155,1,'2020-06-04 22:44:14','2020-06-05 00:38:03',1),(156,1,'2020-06-04 23:21:11','2020-06-05 00:38:03',1),(157,1,'2020-06-04 23:29:32','2020-06-05 00:38:03',1),(158,1,'2020-06-04 23:29:44','2020-06-05 00:38:03',1),(159,1,'2020-06-04 23:32:05','2020-06-05 00:38:03',1),(160,1,'2020-06-04 23:34:21','2020-06-05 00:38:03',1),(161,2,'2020-06-04 23:36:41','2020-06-04 23:42:12',1),(162,1,'2020-06-04 23:42:14','2020-06-05 00:38:03',1),(163,1,'2020-06-04 23:43:22','2020-06-05 00:38:03',1),(164,1,'2020-06-05 00:31:21','2020-06-05 00:38:03',1),(165,1,'2020-06-05 00:39:01','2020-06-05 02:59:48',1),(166,1,'2020-06-05 01:12:52','2020-06-05 02:59:48',1),(167,1,'2020-06-05 01:13:14','2020-06-05 02:59:48',1),(168,1,'2020-06-05 01:23:57','2020-06-05 02:59:48',1),(169,1,'2020-06-05 01:24:48','2020-06-05 02:59:48',1),(170,1,'2020-06-05 01:33:25','2020-06-05 02:59:48',1),(171,1,'2020-06-05 01:35:12','2020-06-05 02:59:48',1),(172,1,'2020-06-05 01:37:36','2020-06-05 02:59:48',1),(173,1,'2020-06-05 01:51:59','2020-06-05 02:59:48',1),(174,1,'2020-06-05 01:53:03','2020-06-05 02:59:48',1),(175,1,'2020-06-05 02:36:47','2020-06-05 02:59:48',1),(176,1,'2020-06-05 02:54:30','2020-06-05 02:59:48',1),(177,1,'2020-06-05 02:56:38','2020-06-05 02:59:48',1),(178,1,'2020-06-05 03:18:20','2020-06-05 18:14:07',1),(179,1,'2020-06-05 03:44:36','2020-06-05 18:14:07',1),(180,1,'2020-06-05 03:47:24','2020-06-05 18:14:07',1),(181,1,'2020-06-05 03:51:42','2020-06-05 18:14:07',1),(182,1,'2020-06-05 17:37:32','2020-06-05 18:14:07',1),(183,1,'2020-06-05 17:46:18','2020-06-05 18:14:07',1),(184,1,'2020-06-05 18:08:47','2020-06-05 18:14:07',1),(185,1,'2020-06-05 18:14:10','2020-06-06 01:47:22',1),(186,1,'2020-06-05 19:51:19','2020-06-06 01:47:22',1),(187,1,'2020-06-06 01:00:28','2020-06-06 01:47:22',1),(188,1,'2020-06-06 01:05:32','2020-06-06 01:47:22',1),(189,1,'2020-06-06 01:47:04','2020-06-06 01:47:22',1),(190,1,'2020-06-06 01:47:17','2020-06-06 01:47:22',1),(191,2,'2020-06-06 01:47:27','2020-06-06 02:53:31',1),(192,1,'2020-06-06 01:47:59','2020-06-06 01:48:09',1),(193,1,'2020-06-06 01:48:12','2020-06-06 02:56:24',1),(194,1,'2020-06-06 01:56:35','2020-06-06 02:56:24',1),(195,1,'2020-06-06 02:16:02','2020-06-06 02:56:24',1),(196,1,'2020-06-06 02:30:22','2020-06-06 02:56:24',1),(197,1,'2020-06-06 02:34:50','2020-06-06 02:56:24',1),(198,1,'2020-06-06 02:41:39','2020-06-06 02:56:24',1),(199,1,'2020-06-06 02:47:56','2020-06-06 02:56:24',1),(200,2,'2020-06-06 02:53:26','2020-06-06 02:53:31',1),(201,1,'2020-06-06 02:53:33','2020-06-06 02:56:24',1),(202,1,'2020-06-06 02:56:26','2020-06-06 02:56:56',1),(203,2,'2020-06-06 02:56:59','2020-06-06 02:57:04',1),(204,2,'2020-06-06 02:57:33','2020-06-06 04:10:23',1),(205,1,'2020-06-06 02:57:41','2020-06-06 03:05:41',1),(206,1,'2020-06-06 03:00:56','2020-06-06 03:05:41',1),(207,2,'2020-06-06 03:01:08','2020-06-06 04:10:23',1),(208,1,'2020-06-06 03:03:47','2020-06-06 03:05:41',1),(209,1,'2020-06-06 03:05:43','2020-06-06 03:25:47',1),(210,1,'2020-06-06 03:09:27','2020-06-06 03:25:47',1),(211,1,'2020-06-06 03:16:09','2020-06-06 03:25:47',1),(212,1,'2020-06-06 03:19:32','2020-06-06 03:25:47',1),(213,1,'2020-06-06 03:25:49','2020-06-06 23:10:22',1),(214,1,'2020-06-06 03:28:11','2020-06-06 23:10:22',1),(215,1,'2020-06-06 03:31:33','2020-06-06 23:10:22',1),(216,1,'2020-06-06 03:52:39','2020-06-06 23:10:22',1),(217,1,'2020-06-06 03:53:54','2020-06-06 23:10:22',1),(218,1,'2020-06-06 03:54:31','2020-06-06 23:10:22',1),(219,1,'2020-06-06 04:03:06','2020-06-06 23:10:22',1),(220,1,'2020-06-06 04:09:24','2020-06-06 23:10:22',1),(221,2,'2020-06-06 04:09:47','2020-06-06 04:10:23',1),(222,1,'2020-06-06 04:10:26','2020-06-06 23:10:22',1),(223,1,'2020-06-06 04:14:58','2020-06-06 23:10:22',1),(224,1,'2020-06-06 13:11:28','2020-06-06 23:10:22',1),(225,1,'2020-06-06 13:15:53','2020-06-06 23:10:22',1),(226,2,'2020-06-06 13:18:45','2020-06-07 21:47:23',1),(227,2,'2020-06-06 13:19:38','2020-06-07 21:47:23',1),(228,1,'2020-06-06 22:34:37','2020-06-06 23:10:22',1),(229,1,'2020-06-06 22:55:03','2020-06-06 23:10:22',1),(230,1,'2020-06-06 23:04:00','2020-06-06 23:10:22',1),(231,1,'2020-06-06 23:09:07','2020-06-06 23:10:22',1),(232,1,'2020-06-06 23:11:06','2020-06-06 23:11:16',1),(233,1,'2020-06-06 23:11:18','2020-06-06 23:35:32',1),(234,1,'2020-06-06 23:13:12','2020-06-06 23:35:32',1),(235,1,'2020-06-06 23:18:11','2020-06-06 23:35:32',1),(236,1,'2020-06-06 23:20:37','2020-06-06 23:35:32',1),(237,1,'2020-06-06 23:24:32','2020-06-06 23:35:32',1),(238,1,'2020-06-06 23:35:36','2020-06-07 17:12:31',1),(239,1,'2020-06-06 23:41:53','2020-06-07 17:12:31',1),(240,1,'2020-06-06 23:42:29','2020-06-07 17:12:31',1),(241,1,'2020-06-06 23:44:02','2020-06-07 17:12:31',1),(242,1,'2020-06-06 23:51:10','2020-06-07 17:12:31',1),(243,1,'2020-06-06 23:52:05','2020-06-07 17:12:31',1),(244,1,'2020-06-06 23:53:17','2020-06-07 17:12:31',1),(245,1,'2020-06-06 23:54:08','2020-06-07 17:12:31',1),(246,1,'2020-06-06 23:57:58','2020-06-07 17:12:31',1),(247,1,'2020-06-06 23:59:20','2020-06-07 17:12:31',1),(248,1,'2020-06-07 01:36:05','2020-06-07 17:12:31',1),(249,1,'2020-06-07 01:39:12','2020-06-07 17:12:31',1),(250,1,'2020-06-07 01:40:11','2020-06-07 17:12:31',1),(251,1,'2020-06-07 01:41:05','2020-06-07 17:12:31',1),(252,1,'2020-06-07 01:42:39','2020-06-07 17:12:31',1),(253,1,'2020-06-07 01:53:34','2020-06-07 17:12:31',1),(254,1,'2020-06-07 02:31:37','2020-06-07 17:12:31',1),(255,1,'2020-06-07 02:33:59','2020-06-07 17:12:31',1),(256,1,'2020-06-07 02:35:44','2020-06-07 17:12:31',1),(257,1,'2020-06-07 02:36:58','2020-06-07 17:12:31',1),(258,1,'2020-06-07 02:38:43','2020-06-07 17:12:31',1),(259,1,'2020-06-07 02:46:13','2020-06-07 17:12:31',1),(260,1,'2020-06-07 13:02:58','2020-06-07 17:12:31',1),(261,1,'2020-06-07 13:17:48','2020-06-07 17:12:31',1),(262,1,'2020-06-07 13:22:38','2020-06-07 17:12:31',1),(263,1,'2020-06-07 13:31:06','2020-06-07 17:12:31',1),(264,1,'2020-06-07 13:37:03','2020-06-07 17:12:31',1),(265,1,'2020-06-07 13:38:55','2020-06-07 17:12:31',1),(266,1,'2020-06-07 14:36:42','2020-06-07 17:12:31',1),(267,1,'2020-06-07 14:51:47','2020-06-07 17:12:31',1),(268,1,'2020-06-07 14:53:56','2020-06-07 17:12:31',1),(269,1,'2020-06-07 14:57:25','2020-06-07 17:12:31',1),(270,1,'2020-06-07 15:00:52','2020-06-07 17:12:31',1),(271,1,'2020-06-07 15:01:55','2020-06-07 17:12:31',1),(272,1,'2020-06-07 15:06:21','2020-06-07 17:12:31',1),(273,1,'2020-06-07 15:07:55','2020-06-07 17:12:31',1),(274,1,'2020-06-07 15:10:50','2020-06-07 17:12:31',1),(275,1,'2020-06-07 15:12:16','2020-06-07 17:12:31',1),(276,1,'2020-06-07 15:15:29','2020-06-07 17:12:31',1),(277,1,'2020-06-07 15:16:17','2020-06-07 17:12:31',1),(278,1,'2020-06-07 15:17:35','2020-06-07 17:12:31',1),(279,1,'2020-06-07 15:20:21','2020-06-07 17:12:31',1),(280,1,'2020-06-07 15:23:21','2020-06-07 17:12:31',1),(281,1,'2020-06-07 15:26:00','2020-06-07 17:12:31',1),(282,1,'2020-06-07 15:29:02','2020-06-07 17:12:31',1),(283,1,'2020-06-07 15:30:44','2020-06-07 17:12:31',1),(284,1,'2020-06-07 15:32:06','2020-06-07 17:12:31',1),(285,1,'2020-06-07 15:33:37','2020-06-07 17:12:31',1),(286,1,'2020-06-07 15:42:06','2020-06-07 17:12:31',1),(287,2,'2020-06-07 15:42:26','2020-06-07 21:47:23',1),(288,2,'2020-06-07 15:46:55','2020-06-07 21:47:23',1),(289,1,'2020-06-07 15:47:06','2020-06-07 17:12:31',1),(290,2,'2020-06-07 15:49:17','2020-06-07 21:47:23',1),(291,1,'2020-06-07 15:49:46','2020-06-07 17:12:31',1),(292,1,'2020-06-07 16:13:30','2020-06-07 17:12:31',1),(293,1,'2020-06-07 16:15:33','2020-06-07 17:12:31',1),(294,1,'2020-06-07 16:16:38','2020-06-07 17:12:31',1),(295,1,'2020-06-07 16:18:52','2020-06-07 17:12:31',1),(296,1,'2020-06-07 16:21:58','2020-06-07 17:12:31',1),(297,1,'2020-06-07 16:24:15','2020-06-07 17:12:31',1),(298,1,'2020-06-07 17:04:16','2020-06-07 17:12:31',1),(299,1,'2020-06-07 17:06:21','2020-06-07 17:12:31',1),(300,1,'2020-06-07 17:08:43','2020-06-07 17:12:31',1),(301,1,'2020-06-07 17:12:07','2020-06-07 17:12:31',1),(302,2,'2020-06-07 17:12:34','2020-06-07 21:47:23',1),(303,1,'2020-06-07 17:19:36','2020-06-07 18:06:27',1),(304,1,'2020-06-07 17:21:56','2020-06-07 18:06:27',1),(305,1,'2020-06-07 17:26:49','2020-06-07 18:06:27',1),(306,1,'2020-06-07 17:31:38','2020-06-07 18:06:27',1),(307,1,'2020-06-07 17:33:34','2020-06-07 18:06:27',1),(308,1,'2020-06-07 17:34:32','2020-06-07 18:06:27',1),(309,1,'2020-06-07 17:37:52','2020-06-07 18:06:27',1),(310,1,'2020-06-07 17:40:53','2020-06-07 18:06:27',1),(311,1,'2020-06-07 17:52:57','2020-06-07 18:06:27',1),(312,1,'2020-06-07 18:04:41','2020-06-07 18:06:27',1),(313,1,'2020-06-07 18:06:32','2020-06-07 21:30:45',1),(314,1,'2020-06-07 18:08:03','2020-06-07 21:30:45',1),(315,1,'2020-06-07 18:08:31','2020-06-07 21:30:45',1),(316,1,'2020-06-07 18:34:15','2020-06-07 21:30:45',1),(317,1,'2020-06-07 18:37:51','2020-06-07 21:30:45',1),(318,1,'2020-06-07 18:38:48','2020-06-07 21:30:45',1),(319,1,'2020-06-07 18:44:57','2020-06-07 21:30:45',1),(320,1,'2020-06-07 21:20:30','2020-06-07 21:30:45',1),(321,1,'2020-06-07 21:21:00','2020-06-07 21:30:45',1),(322,1,'2020-06-07 21:30:43','2020-06-07 21:30:45',1),(323,999,'2020-06-07 21:36:05','2020-06-07 21:36:57',1),(324,999,'2020-06-07 21:37:01','2020-06-07 21:49:46',1),(325,999,'2020-06-07 21:47:14','2020-06-07 21:49:46',1),(326,1,'2020-06-07 21:47:42','2020-06-07 21:47:54',1),(327,999,'2020-06-07 21:49:25','2020-06-07 21:49:46',1),(328,999,'2020-06-07 21:49:52','2020-06-08 01:52:15',1),(329,1,'2020-06-07 21:51:57','2020-06-08 01:50:14',1),(330,1,'2020-06-07 21:52:08','2020-06-08 01:50:14',1),(331,1,'2020-06-07 22:01:31','2020-06-08 01:50:14',1),(332,1,'2020-06-07 22:02:40','2020-06-08 01:50:14',1),(333,1,'2020-06-07 22:03:15','2020-06-08 01:50:14',1),(334,1,'2020-06-07 22:04:06','2020-06-08 01:50:14',1),(335,1,'2020-06-07 22:04:40','2020-06-08 01:50:14',1),(336,1,'2020-06-07 22:12:05','2020-06-08 01:50:14',1),(337,1,'2020-06-07 22:12:14','2020-06-08 01:50:14',1),(338,1,'2020-06-07 22:18:34','2020-06-08 01:50:14',1),(339,1,'2020-06-07 22:18:42','2020-06-08 01:50:14',1),(340,1,'2020-06-07 22:20:21','2020-06-08 01:50:14',1),(341,1,'2020-06-07 22:20:27','2020-06-08 01:50:14',1),(342,1,'2020-06-07 22:30:30','2020-06-08 01:50:14',1),(343,1,'2020-06-07 22:32:44','2020-06-08 01:50:14',1),(344,1,'2020-06-07 22:42:46','2020-06-08 01:50:14',1),(345,1,'2020-06-07 22:55:05','2020-06-08 01:50:14',1),(346,1,'2020-06-07 22:59:06','2020-06-08 01:50:14',1),(347,1,'2020-06-07 23:03:44','2020-06-08 01:50:14',1),(348,1,'2020-06-07 23:22:39','2020-06-08 01:50:14',1),(349,1,'2020-06-07 23:33:46','2020-06-08 01:50:14',1),(350,1,'2020-06-07 23:46:37','2020-06-08 01:50:14',1),(351,1,'2020-06-07 23:51:57','2020-06-08 01:50:14',1),(352,1,'2020-06-08 00:17:19','2020-06-08 01:50:14',1),(353,999,'2020-06-08 01:03:03','2020-06-08 01:52:15',1),(354,1,'2020-06-08 01:30:32','2020-06-08 01:50:14',1),(355,1,'2020-06-08 01:37:24','2020-06-08 01:50:14',1),(356,1,'2020-06-08 01:50:49','2020-06-08 01:52:36',1),(357,1,'2020-06-08 01:52:56','2020-06-08 03:14:11',1),(358,1,'2020-06-08 02:16:09','2020-06-08 03:14:11',1),(359,1,'2020-06-08 02:16:47','2020-06-08 03:14:11',1),(360,1,'2020-06-08 02:24:53','2020-06-08 03:14:11',1),(361,1,'2020-06-08 03:06:25','2020-06-08 03:14:11',1),(362,999,'2020-06-08 03:14:15','2020-06-08 22:32:11',1),(363,1,'2020-06-08 22:27:06','2020-06-08 22:28:50',1),(364,999,'2020-06-08 22:27:59','2020-06-08 22:32:11',1),(365,1,'2020-06-08 22:29:17','2020-06-08 22:29:30',1),(366,1,'2020-06-08 22:30:03','2020-06-08 22:30:20',1),(367,1,'2020-06-08 22:30:28','2020-06-08 22:32:21',1),(368,1,'2020-06-10 23:38:39','2020-06-11 21:49:35',1),(369,1,'2020-06-11 01:00:26','2020-06-11 21:49:35',1),(370,1,'2020-06-11 01:26:15','2020-06-11 21:49:35',1),(371,1,'2020-06-11 02:35:39','2020-06-11 21:49:35',1),(372,1,'2020-06-11 02:38:39','2020-06-11 21:49:35',1),(373,1,'2020-06-11 21:40:02','2020-06-11 21:49:35',1),(374,999,'2020-06-11 21:49:41','2020-06-11 21:49:56',1),(375,1,'2020-06-11 21:49:58','2020-06-11 22:43:52',1),(376,1,'2020-06-11 21:59:04','2020-06-11 22:43:52',1),(377,1,'2020-06-11 22:03:12','2020-06-11 22:43:52',1),(378,1,'2020-06-11 22:06:19','2020-06-11 22:43:52',1),(379,1,'2020-06-11 22:09:58','2020-06-11 22:43:52',1),(380,1,'2020-06-11 22:40:24','2020-06-11 22:43:52',1),(381,1,'2020-06-11 22:41:08','2020-06-11 22:43:52',1),(382,1,'2020-06-11 22:43:24','2020-06-11 22:43:52',1),(383,1,'2020-06-11 22:43:56','2020-06-12 21:17:39',1),(384,1,'2020-06-11 22:44:58','2020-06-12 21:17:39',1),(385,1,'2020-06-11 22:58:08','2020-06-12 21:17:39',1),(386,1,'2020-06-11 22:59:54','2020-06-12 21:17:39',1),(387,1,'2020-06-11 23:02:04','2020-06-12 21:17:39',1),(388,1,'2020-06-11 23:14:06','2020-06-12 21:17:39',1),(389,1,'2020-06-11 23:55:20','2020-06-12 21:17:39',1),(390,1,'2020-06-11 23:59:29','2020-06-12 21:17:39',1),(391,1,'2020-06-12 00:48:19','2020-06-12 21:17:39',1),(392,1,'2020-06-12 00:50:07','2020-06-12 21:17:39',1),(393,1,'2020-06-12 00:53:42','2020-06-12 21:17:39',1),(394,1,'2020-06-12 00:55:03','2020-06-12 21:17:39',1),(395,1,'2020-06-12 00:56:59','2020-06-12 21:17:39',1),(396,1,'2020-06-12 00:58:26','2020-06-12 21:17:39',1),(397,1,'2020-06-12 01:00:08','2020-06-12 21:17:39',1),(398,1,'2020-06-12 01:13:00','2020-06-12 21:17:39',1),(399,1,'2020-06-12 01:16:43','2020-06-12 21:17:39',1),(400,1,'2020-06-12 01:19:15','2020-06-12 21:17:39',1),(401,1,'2020-06-12 01:22:17','2020-06-12 21:17:39',1),(402,1,'2020-06-12 01:25:07','2020-06-12 21:17:39',1),(403,1,'2020-06-12 01:26:47','2020-06-12 21:17:39',1),(404,1,'2020-06-12 01:37:18','2020-06-12 21:17:39',1),(405,1,'2020-06-12 01:42:57','2020-06-12 21:17:39',1),(406,1,'2020-06-12 01:48:30','2020-06-12 21:17:39',1),(407,1,'2020-06-12 01:51:41','2020-06-12 21:17:39',1),(408,1,'2020-06-12 01:53:01','2020-06-12 21:17:39',1),(409,1,'2020-06-12 02:00:14','2020-06-12 21:17:39',1),(410,1,'2020-06-12 02:03:19','2020-06-12 21:17:39',1),(411,1,'2020-06-12 02:04:47','2020-06-12 21:17:39',1),(412,1,'2020-06-12 02:15:09','2020-06-12 21:17:39',1),(413,1,'2020-06-12 02:17:05','2020-06-12 21:17:39',1),(414,1,'2020-06-12 20:25:19','2020-06-12 21:17:39',1),(415,1,'2020-06-12 21:03:54','2020-06-12 21:17:39',1),(416,1,'2020-06-12 21:06:08','2020-06-12 21:17:39',1),(417,1,'2020-06-12 21:08:21','2020-06-12 21:17:39',1),(418,1,'2020-06-12 21:13:36','2020-06-12 21:17:39',1),(419,2,'2020-06-12 21:18:03','2020-06-12 21:30:27',1),(420,2,'2020-06-12 21:24:52','2020-06-12 21:30:27',1),(421,1,'2020-06-12 21:26:32','2020-06-12 21:39:02',1),(422,1,'2020-06-12 21:28:39','2020-06-12 21:39:02',1),(423,2,'2020-06-12 21:28:42','2020-06-12 21:30:27',1),(424,1,'2020-06-12 21:38:42','2020-06-12 21:39:02',1),(425,2,'2020-06-12 21:39:04','2020-06-12 21:47:41',1),(426,1,'2020-06-12 21:46:16','2020-06-15 18:57:30',1),(427,2,'2020-06-12 21:46:36','2020-06-12 21:47:41',1),(428,999,'2020-06-12 21:47:44','2020-06-12 21:47:54',1),(429,2,'2020-06-12 21:47:56','2020-06-15 18:56:19',1),(430,2,'2020-06-12 21:49:38','2020-06-15 18:56:19',1),(431,1,'2020-06-15 18:54:54','2020-06-15 18:57:30',1),(432,1,'2020-06-15 18:57:32','2020-06-15 19:33:22',1),(433,1,'2020-06-15 19:08:38','2020-06-15 19:33:22',1),(434,1,'2020-06-15 19:10:03','2020-06-15 19:33:22',1),(435,1,'2020-06-15 19:30:20','2020-06-15 19:33:22',1),(436,1,'2020-06-15 19:33:46','2020-06-15 20:11:10',1),(437,1,'2020-06-15 20:03:16','2020-06-15 20:11:10',1),(438,1,'2020-06-15 20:09:35','2020-06-15 20:11:10',1),(439,1,'2020-06-15 20:10:28','2020-06-15 20:11:10',1),(440,999,'2020-06-15 20:11:14','2020-06-15 20:22:30',1),(441,1,'2020-06-15 20:19:38','2020-06-15 20:22:09',1),(442,1,'2020-06-15 20:21:33','2020-06-15 20:22:09',1),(443,999,'2020-06-15 20:22:11','2020-06-15 20:22:30',1),(444,3,'2020-06-15 20:22:39','2020-06-15 20:22:50',1),(445,2,'2020-06-15 20:22:53','2020-06-15 20:24:24',1),(446,999,'2020-06-15 20:37:48','2020-06-16 01:53:09',1),(447,1,'2020-06-15 20:50:24','2020-06-15 23:44:17',1),(448,1,'2020-06-15 21:04:31','2020-06-15 23:44:17',1),(449,1,'2020-06-15 21:07:27','2020-06-15 23:44:17',1),(450,1,'2020-06-15 21:22:32','2020-06-15 23:44:17',1),(451,1,'2020-06-15 22:23:48','2020-06-15 23:44:17',1),(452,1,'2020-06-15 22:30:16','2020-06-15 23:44:17',1),(453,1,'2020-06-15 22:33:42','2020-06-15 23:44:17',1),(454,1,'2020-06-15 22:34:55','2020-06-15 23:44:17',1),(455,1,'2020-06-15 22:46:28','2020-06-15 23:44:17',1),(456,1,'2020-06-15 23:00:27','2020-06-15 23:44:17',1),(457,1,'2020-06-15 23:02:27','2020-06-15 23:44:17',1),(458,1,'2020-06-15 23:08:20','2020-06-15 23:44:17',1),(459,1,'2020-06-15 23:11:00','2020-06-15 23:44:17',1),(460,1,'2020-06-15 23:20:19','2020-06-15 23:44:17',1),(461,1,'2020-06-15 23:23:42','2020-06-15 23:44:17',1),(462,1,'2020-06-15 23:25:00','2020-06-15 23:44:17',1),(463,1,'2020-06-15 23:26:38','2020-06-15 23:44:17',1),(464,1,'2020-06-15 23:28:21','2020-06-15 23:44:17',1),(465,1,'2020-06-15 23:30:14','2020-06-15 23:44:17',1),(466,1,'2020-06-15 23:31:12','2020-06-15 23:44:17',1),(467,1,'2020-06-15 23:33:22','2020-06-15 23:44:17',1),(468,1,'2020-06-15 23:35:38','2020-06-15 23:44:17',1),(469,1,'2020-06-15 23:38:01','2020-06-15 23:44:17',1),(470,1,'2020-06-15 23:39:48','2020-06-15 23:44:17',1),(471,1,'2020-06-15 23:42:00','2020-06-15 23:44:17',1),(472,3,'2020-06-15 23:44:20','2020-06-16 01:02:28',1),(473,3,'2020-06-15 23:48:28','2020-06-16 01:02:28',1),(474,3,'2020-06-15 23:50:29','2020-06-16 01:02:28',1),(475,3,'2020-06-15 23:53:06','2020-06-16 01:02:28',1),(476,3,'2020-06-16 00:13:20','2020-06-16 01:02:28',1),(477,3,'2020-06-16 00:20:05','2020-06-16 01:02:28',1),(478,999,'2020-06-16 00:28:02','2020-06-16 01:53:09',1),(479,999,'2020-06-16 00:34:10','2020-06-16 01:53:09',1),(480,1,'2020-06-16 00:43:54','2020-06-16 00:59:57',1),(481,1,'2020-06-16 00:48:19','2020-06-16 00:59:57',1),(482,1,'2020-06-16 00:59:43','2020-06-16 00:59:57',1),(483,3,'2020-06-16 01:00:01','2020-06-16 01:02:28',1),(484,3,'2020-06-16 01:02:30','2020-06-16 02:01:05',1),(485,1,'2020-06-16 01:07:33','2020-06-16 01:51:04',1),(486,1,'2020-06-16 01:12:07','2020-06-16 01:51:04',1),(487,1,'2020-06-16 01:15:28','2020-06-16 01:51:04',1),(488,999,'2020-06-16 01:51:08','2020-06-16 01:53:09',1),(489,3,'2020-06-16 02:00:18','2020-06-16 02:01:05',1),(490,999,'2020-06-16 02:07:26','2020-06-21 23:21:37',1),(491,999,'2020-06-16 02:16:35','2020-06-21 23:21:37',1),(492,1,'2020-06-18 23:02:49','2020-06-18 23:04:12',1),(493,2,'2020-06-18 23:04:16','2020-06-18 23:04:35',1),(494,1,'2020-06-18 23:04:43','2020-06-18 23:05:33',1),(495,2,'2020-06-18 23:05:38','2020-06-18 23:09:00',1),(496,1,'2020-06-18 23:09:04','2020-06-21 23:21:14',1),(497,999,'2020-06-18 23:15:29','2020-06-21 23:21:37',1),(498,999,'2020-06-18 23:56:25','2020-06-21 23:21:37',1),(499,999,'2020-06-19 00:03:07','2020-06-21 23:21:37',1),(500,1,'2020-06-21 23:03:24','2020-06-21 23:21:14',1),(501,999,'2020-06-21 23:21:18','2020-06-21 23:21:37',1),(502,1,'2020-06-21 23:21:39','2020-06-21 23:21:44',1),(503,999,'2020-06-21 23:21:48','2020-06-21 23:22:08',1),(504,1,'2020-06-21 23:22:11','2020-06-24 23:23:41',1),(505,1,'2020-06-21 23:31:09','2020-06-24 23:23:41',1),(506,1,'2020-06-24 22:58:50','2020-06-24 23:23:41',1),(507,999,'2020-06-24 23:23:44','2020-06-24 23:27:10',1),(508,1,'2020-06-24 23:24:10','2020-06-24 23:24:27',1),(509,999,'2020-06-24 23:26:25','2020-06-24 23:27:10',1),(510,1,'2020-06-24 23:26:29','2020-06-24 23:26:38',1),(511,1,'2020-06-24 23:27:05','2020-06-24 23:28:44',1),(512,999,'2020-06-24 23:28:22','2020-06-24 23:33:55',1),(513,1,'2020-06-24 23:28:27','2020-06-24 23:28:44',1),(514,999,'2020-06-24 23:31:15','2020-06-24 23:33:55',1),(515,1,'2020-06-24 23:31:27','2020-06-24 23:31:37',1),(516,999,'2020-06-24 23:33:42','2020-06-24 23:33:55',1),(517,1,'2020-06-24 23:33:50','2020-06-24 23:38:12',1),(518,1,'2020-06-24 23:37:30','2020-06-24 23:38:12',1),(519,999,'2020-06-24 23:38:16','2020-06-24 23:38:32',1),(520,1,'2020-06-24 23:38:27','2020-06-25 03:48:53',1),(521,1,'2020-06-24 23:50:59','2020-06-25 03:48:53',1),(522,1,'2020-06-24 23:52:21','2020-06-25 03:48:53',1),(523,1,'2020-06-25 01:47:45','2020-06-25 03:48:53',1),(524,1,'2020-06-25 02:00:09','2020-06-25 03:48:53',1),(525,1,'2020-06-25 02:00:38','2020-06-25 03:48:53',1),(526,1,'2020-06-25 02:02:50','2020-06-25 03:48:53',1),(527,1,'2020-06-25 02:04:56','2020-06-25 03:48:53',1),(528,1,'2020-06-25 02:09:23','2020-06-25 03:48:53',1),(529,1,'2020-06-25 02:10:40','2020-06-25 03:48:53',1),(530,1,'2020-06-25 02:12:26','2020-06-25 03:48:53',1),(531,1,'2020-06-25 02:16:00','2020-06-25 03:48:53',1),(532,1,'2020-06-25 02:19:46','2020-06-25 03:48:53',1),(533,1,'2020-06-25 02:29:28','2020-06-25 03:48:53',1),(534,1,'2020-06-25 02:34:06','2020-06-25 03:48:53',1),(535,1,'2020-06-25 02:37:21','2020-06-25 03:48:53',1),(536,1,'2020-06-25 02:40:23','2020-06-25 03:48:53',1),(537,1,'2020-06-25 03:00:26','2020-06-25 03:48:53',1),(538,1,'2020-06-25 03:04:38','2020-06-25 03:48:53',1),(539,1,'2020-06-25 03:10:46','2020-06-25 03:48:53',1),(540,999,'2020-06-25 03:12:27','2020-07-18 01:39:45',1),(541,1,'2020-06-25 03:13:33','2020-06-25 03:48:53',1),(542,1,'2020-06-25 03:22:07','2020-06-25 03:48:53',1),(543,1,'2020-06-25 03:25:34','2020-06-25 03:48:53',1),(544,1,'2020-06-25 03:29:09','2020-06-25 03:48:53',1),(545,1,'2020-06-25 03:30:24','2020-06-25 03:48:53',1),(546,1,'2020-06-25 03:36:44','2020-06-25 03:48:53',1),(547,1,'2020-06-25 03:38:01','2020-06-25 03:48:53',1),(548,1,'2020-06-25 03:39:42','2020-06-25 03:48:53',1),(549,1,'2020-06-25 03:41:03','2020-06-25 03:48:53',1),(550,1,'2020-06-25 03:46:03','2020-06-25 03:48:53',1),(551,1,'2020-06-25 03:47:43','2020-06-25 03:48:53',1),(552,1,'2020-06-25 03:48:55','2020-07-18 01:39:18',1),(553,1,'2020-06-25 03:50:06','2020-07-18 01:39:18',1),(554,1,'2020-06-25 03:51:20','2020-07-18 01:39:18',1),(555,1,'2020-06-25 03:54:00','2020-07-18 01:39:18',1),(556,1,'2020-06-25 03:57:19','2020-07-18 01:39:18',1),(557,1,'2020-06-25 04:00:11','2020-07-18 01:39:18',1),(558,1,'2020-06-25 04:03:17','2020-07-18 01:39:18',1),(559,1,'2020-06-25 04:05:29','2020-07-18 01:39:18',1),(560,999,'2020-06-25 04:07:14','2020-07-18 01:39:45',1),(561,999,'2020-06-25 04:12:27','2020-07-18 01:39:45',1),(562,999,'2020-06-25 04:14:20','2020-07-18 01:39:45',1),(563,999,'2020-06-25 04:18:47','2020-07-18 01:39:45',1),(564,1,'2020-07-18 01:37:16','2020-07-18 01:39:18',1),(565,999,'2020-07-18 01:37:38','2020-07-18 01:39:45',1),(566,1,'2020-07-18 02:07:04',NULL,1),(567,1,'2020-07-18 02:16:16',NULL,1),(568,1,'2020-07-18 19:41:10',NULL,1),(569,1,'2020-07-19 17:48:02',NULL,1),(570,1,'2020-07-19 17:54:43',NULL,1),(571,1,'2020-07-19 17:57:35',NULL,1),(572,1,'2020-07-19 18:12:11',NULL,1),(573,1,'2020-07-19 18:15:13',NULL,1),(574,1,'2020-07-19 18:17:08',NULL,1),(575,1,'2021-04-03 23:06:20',NULL,1),(578,1,'2021-04-03 23:30:00',NULL,1),(579,1,'2021-04-03 23:32:56',NULL,1),(580,1,'2021-04-03 23:40:37',NULL,1);
/*!40000 ALTER TABLE `sistema_sesion` ENABLE KEYS */;
UNLOCK TABLES;
/*!40103 SET TIME_ZONE=@OLD_TIME_ZONE */;

/*!40101 SET SQL_MODE=@OLD_SQL_MODE */;
/*!40014 SET FOREIGN_KEY_CHECKS=@OLD_FOREIGN_KEY_CHECKS */;
/*!40014 SET UNIQUE_CHECKS=@OLD_UNIQUE_CHECKS */;
/*!40101 SET CHARACTER_SET_CLIENT=@OLD_CHARACTER_SET_CLIENT */;
/*!40101 SET CHARACTER_SET_RESULTS=@OLD_CHARACTER_SET_RESULTS */;
/*!40101 SET COLLATION_CONNECTION=@OLD_COLLATION_CONNECTION */;
/*!40111 SET SQL_NOTES=@OLD_SQL_NOTES */;

-- Dump completed on 2021-04-03 20:47:47
